{
  "losses": [
    0.016718584442547386,
    0.014922867070530612,
    0.013851207427301221,
    0.012886854971588403,
    0.01202081423344289,
    0.011244028563785367,
    0.010549494782916849,
    0.009928346940737333,
    0.009374964311870041,
    0.008881395035645416,
    0.008438299159030781,
    0.00804306577339785,
    0.0076925168604442115,
    0.007372243921573767,
    0.007084118161441291,
    0.006828065520699761,
    0.006592816892089097,
    0.00637764588063582,
    0.006181160198897285,
    0.006002933677578655,
    0.005837803847862658,
    0.00568539033965358,
    0.005544992218871982,
    0.0054147827496183595,
    0.0052917219543622464,
    0.005179810194949046,
    0.00507373329851132,
    0.00497485067456327,
    0.004879218521088483,
    0.004791202494198612,
    0.0047075682119076916,
    0.004629353517731912,
    0.004554588182460799,
    0.004482303217228842,
    0.004414927912154363,
    0.004353108425042825,
    0.004292251003166998,
    0.004230407843277957,
    0.004176181652334852,
    0.004120689128969104,
    0.004068418292874221,
    0.004016790966621411,
    0.0039679879924840195,
    0.003921245951136832,
    0.003874173185776418,
    0.003829744631194261,
    0.0037864380277475365,
    0.0037441241779345154,
    0.003702182555140586,
    0.0036627953913827296
  ],
  "metrics": {
    "adjusted_arithmetic_mean_rank": {
      "both": {
        "realistic": 0.16561937704176613
      },
      "head": {
        "realistic": 0.20172712424992148
      },
      "tail": {
        "realistic": 0.12952777660978299
      }
    },
    "adjusted_arithmetic_mean_rank_index": {
      "both": {
        "realistic": 0.8344213936820881
      },
      "head": {
        "realistic": 0.7983118908503112
      },
      "tail": {
        "realistic": 0.8705147481637584
      }
    },
    "arithmetic_mean_rank": {
      "both": {
        "optimistic": 3389.59656198982,
        "pessimistic": 3389.598818784212,
        "realistic": 3389.5976903870164
      },
      "head": {
        "optimistic": 4127.661288773648,
        "pessimistic": 4127.663497551138,
        "realistic": 4127.6623931623935
      },
      "tail": {
        "optimistic": 2651.5318352059926,
        "pessimistic": 2651.534140017286,
        "realistic": 2651.5329876116393
      }
    },
    "geometric_mean_rank": {
      "both": {
        "optimistic": 65.56369760938513,
        "pessimistic": 65.56374169629783,
        "realistic": 65.56371966480151
      },
      "head": {
        "optimistic": 83.62546674173899,
        "pessimistic": 83.62555294135143,
        "realistic": 83.62550987114712
      },
      "tail": {
        "optimistic": 51.402982987111805,
        "pessimistic": 51.402999131540334,
        "realistic": 51.40299105988237
      }
    },
    "harmonic_mean_rank": {
      "both": {
        "optimistic": 6.614931543783468,
        "pessimistic": 6.614931607660561,
        "realistic": 6.614931575780728
      },
      "head": {
        "optimistic": 7.159601448698142,
        "pessimistic": 7.15960159391366,
        "realistic": 7.159601521443048
      },
      "tail": {
        "optimistic": 6.147274841468582,
        "pessimistic": 6.147274844744154,
        "realistic": 6.147274843106673
      }
    },
    "hits_at_k": {
      "both": {
        "optimistic": {
          "1": 0.010803802938634399,
          "3": 0.2306251800633823,
          "5": 0.3271391529818496,
          "10": 0.4302314414673965
        },
        "pessimistic": {
          "1": 0.010803802938634399,
          "3": 0.2306251800633823,
          "5": 0.3271391529818496,
          "10": 0.4302314414673965
        },
        "realistic": {
          "1": 0.010803802938634399,
          "3": 0.2306251800633823,
          "5": 0.3271391529818496,
          "10": 0.4302314414673965
        }
      },
      "head": {
        "optimistic": {
          "1": 0.007298569096321906,
          "3": 0.21050609814654758,
          "5": 0.30673196965331795,
          "10": 0.4087198693940267
        },
        "pessimistic": {
          "1": 0.007298569096321906,
          "3": 0.21050609814654758,
          "5": 0.30673196965331795,
          "10": 0.4087198693940267
        },
        "realistic": {
          "1": 0.007298569096321906,
          "3": 0.21050609814654758,
          "5": 0.30673196965331795,
          "10": 0.4087198693940267
        }
      },
      "tail": {
        "optimistic": {
          "1": 0.014309036780946893,
          "3": 0.25074426198021704,
          "5": 0.34754633631038123,
          "10": 0.45174301354076635
        },
        "pessimistic": {
          "1": 0.014309036780946893,
          "3": 0.25074426198021704,
          "5": 0.34754633631038123,
          "10": 0.45174301354076635
        },
        "realistic": {
          "1": 0.014309036780946893,
          "3": 0.25074426198021704,
          "5": 0.34754633631038123,
          "10": 0.45174301354076635
        }
      }
    },
    "inverse_arithmetic_mean_rank": {
      "both": {
        "optimistic": 0.00029502036059800654,
        "pessimistic": 0.0002950201641734941,
        "realistic": 0.0002950202623857176
      },
      "head": {
        "optimistic": 0.00024226794061804082,
        "pessimistic": 0.00024226781097666525,
        "realistic": 0.00024226787579733564
      },
      "tail": {
        "optimistic": 0.0003771404841240806,
        "pessimistic": 0.00037714015629965853,
        "realistic": 0.00037714032021179836
      }
    },
    "inverse_geometric_mean_rank": {
      "both": {
        "optimistic": 0.015252342934618971,
        "pessimistic": 0.015252332678512562,
        "realistic": 0.015252337803781735
      },
      "head": {
        "optimistic": 0.01195807974487372,
        "pessimistic": 0.011958067418714989,
        "realistic": 0.011958073577558239
      },
      "tail": {
        "optimistic": 0.019454123902706746,
        "pessimistic": 0.01945411779264083,
        "realistic": 0.019454120847462772
      }
    },
    "inverse_harmonic_mean_rank": {
      "both": {
        "optimistic": 0.15117314417860797,
        "pessimistic": 0.15117314271880436,
        "realistic": 0.15117314344736435
      },
      "head": {
        "optimistic": 0.139672579146404,
        "pessimistic": 0.13967257631347738,
        "realistic": 0.13967257772726516
      },
      "tail": {
        "optimistic": 0.1626737092108119,
        "pessimistic": 0.16267370912413132,
        "realistic": 0.16267370916746354
      }
    },
    "inverse_median_rank": {
      "both": {
        "optimistic": 0.05555555555555555,
        "pessimistic": 0.05555555555555555,
        "realistic": 0.05555555555555555
      },
      "head": {
        "optimistic": 0.041666666666666664,
        "pessimistic": 0.041666666666666664,
        "realistic": 0.041666666666666664
      },
      "tail": {
        "optimistic": 0.06666666666666667,
        "pessimistic": 0.06666666666666667,
        "realistic": 0.06666666666666667
      }
    },
    "median_rank": {
      "both": {
        "optimistic": 18.0,
        "pessimistic": 18.0,
        "realistic": 18.0
      },
      "head": {
        "optimistic": 24.0,
        "pessimistic": 24.0,
        "realistic": 24.0
      },
      "tail": {
        "optimistic": 15.0,
        "pessimistic": 15.0,
        "realistic": 15.0
      }
    },
    "rank_mad": {
      "both": {
        "optimistic": 16.0,
        "pessimistic": 16.0,
        "realistic": 16.0
      },
      "head": {
        "optimistic": 22.0,
        "pessimistic": 22.0,
        "realistic": 22.0
      },
      "tail": {
        "optimistic": 13.0,
        "pessimistic": 13.0,
        "realistic": 13.0
      }
    },
    "rank_std": {
      "both": {
        "optimistic": 7952.451402356576,
        "pessimistic": 7952.454639088689,
        "realistic": 7952.453020687405
      },
      "head": {
        "optimistic": 8877.744819298088,
        "pessimistic": 8877.747196741062,