{
  "losses": [
    0.0027088597161784686,
    0.0027077468366260233,
    0.002707746721076776,
    0.002707747117715429,
    0.0027077017147791003,
    0.00265011428648884,
    0.002528599812533644,
    0.002448773667936093,
    0.002309014946225433,
    0.0021591814055044356,
    0.002145578100209392,
    0.002141918745367584,
    0.002141187701116999,
    0.002140313559052427,
    0.002141070215119803,
    0.002139728587566581,
    0.0021397791732038858,
    0.0021402373623221906,
    0.002140836552049052,
    0.0021403574712336748,
    0.002141162652810562,
    0.002140633425123304,
    0.0021417121645827962,
    0.0021417576576171528,
    0.002142451108040856,
    0.002141666198770607,
    0.002142744495872193,
    0.0021410817795440317,
    0.0021427649548270583,
    0.002141449447739663,
    0.0021428971334248657,
    0.0021419573225337513,
    0.0021424417619923765,
    0.002142574971257296,
    0.0021414770987370365,
    0.0021422885870329353,
    0.0021417786194301877,
    0.0021428403459475874,
    0.002141404979492186,
    0.002142215459498027,
    0.002142933683537312,
    0.0021415839028095583,
    0.0021417948155561723,
    0.002141363210199875,
    0.00214185224744615,
    0.0021415509787272116,
    0.002142200494074294,
    0.0021420194195033997,
    0.002141867047919535,
    0.0021425480143775653
  ],
  "metrics": {
    "adjusted_arithmetic_mean_rank": {
      "both": {
        "realistic": 0.10230634061408665
      },
      "head": {
        "realistic": 0.10464955308333052
      },
      "tail": {
        "realistic": 0.10001114877444611
      }
    },
    "adjusted_arithmetic_mean_rank_index": {
      "both": {
        "realistic": 0.8977034894643143
      },
      "head": {
        "realistic": 0.8953603539025279
      },
      "tail": {
        "realistic": 0.8999986054521623
      }
    },
    "arithmetic_mean_rank": {
      "both": {
        "optimistic": 9342.814489101733,
        "pessimistic": 9342.847052330364,
        "realistic": 9342.830770716047
      },
      "head": {
        "optimistic": 9457.85955737111,
        "pessimistic": 9457.895895179792,
        "realistic": 9457.877726275452
      },
      "tail": {
        "optimistic": 9227.769420832356,
        "pessimistic": 9227.798209480934,
        "realistic": 9227.783815156645
      }
    },
    "geometric_mean_rank": {
      "both": {
        "optimistic": 777.9282649809722,
        "pessimistic": 777.9634872628271,
        "realistic": 777.9464912090108
      },
      "head": {
        "optimistic": 2055.905608941367,
        "pessimistic": 2055.960754544046,
        "realistic": 2055.9335349910025
      },
      "tail": {
        "optimistic": 294.35805944803354,
        "pessimistic": 294.3768192931113,
        "realistic": 294.36785425412927
      }
    },
    "harmonic_mean_rank": {
      "both": {
        "optimistic": 39.75075548423643,
        "pessimistic": 39.76108442223745,
        "realistic": 39.757054151662665
      },
      "head": {
        "optimistic": 300.07883058705636,
        "pessimistic": 300.2060155715025,
        "realistic": 300.15406649281715
      },
      "tail": {
        "optimistic": 21.28517707321531,
        "pessimistic": 21.290460310498734,
        "realistic": 21.288410505282744
      }
    },
    "hits_at_k": {
      "both": {
        "optimistic": {
          "1": 0.006802445987109356,
          "3": 0.018848978066767975,
          "5": 0.030583952082711547,
          "10": 0.057787470695315576
        },
        "pessimistic": {
          "1": 0.006796180651275964,
          "3": 0.018845560610858854,
          "5": 0.0305771171708933,
          "10": 0.057776648751603356
        },
        "realistic": {
          "1": 0.006796180651275964,
          "3": 0.018845560610858854,
          "5": 0.0305771171708933,
          "10": 0.057776648751603356
        }
      },
      "head": {
        "optimistic": {
          "1": 0.00044313011621628396,
          "3": 0.0015948127575907392,
          "5": 0.002643971721691504,
          "10": 0.004816334527924032
        },
        "pessimistic": {
          "1": 0.00044199096424657626,
          "3": 0.0015948127575907392,
          "5": 0.002643971721691504,
          "10": 0.004811777920045201
        },
        "realistic": {
          "1": 0.00044199096424657626,
          "3": 0.0015948127575907392,
          "5": 0.002643971721691504,
          "10": 0.004811777920045201
        }
      },
      "tail": {
        "optimistic": {
          "1": 0.013161761858002429,
          "3": 0.03610314337594521,
          "5": 0.05852393244373159,
          "10": 0.11075860686270712
        },
        "pessimistic": {
          "1": 0.013150370338305352,
          "3": 0.03609630846412697,
          "5": 0.058510262620095094,
          "10": 0.11074151958316152
        },
        "realistic": {
          "1": 0.013150370338305352,
          "3": 0.03609630846412697,
          "5": 0.058510262620095094,
          "10": 0.11074151958316152
        }
      }
    },
    "inverse_arithmetic_mean_rank": {
      "both": {
        "optimistic": 0.00010703412779591059,
        "pessimistic": 0.0001070337547429477,
        "realistic": 0.0001070339412691041
      },
      "head": {
        "optimistic": 0.00010573216846095337,
        "pessimistic": 0.00010573176223156031,
        "realistic": 0.00010573196534586663
      },
      "tail": {
        "optimistic": 0.00010836855088104258,
        "pessimistic": 0.0001083682127956123,
        "realistic": 0.00010836838183806375
      }
    },
    "inverse_geometric_mean_rank": {
      "both": {
        "optimistic": 0.0012854655692764417,
        "pessimistic": 0.001285407369847629,
        "realistic": 0.0012854354525667887
      },
      "head": {
        "optimistic": 0.00048640365377227747,
        "pessimistic": 0.00048639060730600953,
        "realistic": 0.0004863970468794247
      },
      "tail": {
        "optimistic": 0.003397223102622545,
        "pessimistic": 0.0033970066067066885,
        "realistic": 0.0033971100633043132
      }
    },
    "inverse_harmonic_mean_rank": {
      "both": {
        "optimistic": 0.025156754577823313,
        "pessimistic": 0.02515021948045067,
        "realistic": 0.025152769020191083
      },
      "head": {
        "optimistic": 0.0033324576680189653,
        "pessimistic": 0.0033310458422903316,
        "realistic": 0.003331622362090938
      },
      "tail": {
        "optimistic": 0.04698105148762765,
        "pessimistic": 0.04696939311861101,
        "realistic": 0.04697391567829119
      }
    },
    "inverse_median_rank": {
      "both": {
        "optimistic": 0.000792393026941363,
        "pessimistic": 0.000792393026941363,
        "realistic": 0.000792393026941363
      },
      "head": {
        "optimistic": 0.0004589261128958238,
        "pessimistic": 0.0004589261128958238,
        "realistic": 0.0004589261128958238
      },
      "tail": {
        "optimistic": 0.0031847133757961785,
        "pessimistic": 0.0031847133757961785,
        "realistic": 0.0031847133757961785
      }
    },
    "median_rank": {
      "both": {
        "optimistic": 1262.0,
        "pessimistic": 1262.0,
        "realistic": 1262.0
      },
      "head": {
        "optimistic": 2179.0,
        "pessimistic": 2179.0,
        "realistic": 2179.0
      },
      "tail": {
        "optimistic": 314.0,
        "pessimistic": 314.0,
        "realistic": 314.0
      }
    },
    "rank_mad": {
      "both": {
        "optimistic": 1224.0,
        "pessimistic": 1224.0,
        "realistic": 1224.0
      },
      "head": {
        "optimistic": 1620.0,
        "pessimistic": 1620.0,
        "realistic": 1620.0
      },
      "tail": {
        "optimistic": 308.0,
        "pessimistic": 308.0,
        "realistic": 308.0
      }
    },
    "rank_std": {
      "both": {
        "optimistic": 29190.85936031856,
        "pessimistic": 29190.900037455052,
        "realistic": 29190.879698690747
      },