{
  "losses": [
    0.002754126661706389,
    0.002708521379438148,
    0.0027079065873872265,
    0.0027078509346643025,
    0.0027078213099519153,
    0.0027078076637821924,
    0.0027078013794874004,
    0.0027077952803520274,
    0.002707796458061294,
    0.0027077929773820847,
    0.0027077944379958717,
    0.002707793309556493,
    0.0027077888101031404,
    0.0027077884413736534,
    0.002707785798282546,
    0.0027077829962563146,
    0.0027077765339541837,
    0.002707776168403399,
    0.002707772005892509,
    0.0027077681286701654,
    0.002707762397469604,
    0.0027077605434913856,
    0.0027077592163831025,
    0.0027077581999929864,
    0.002707750316016174,
    0.0027077458920570048,
    0.0027077459405322178,
    0.0027077005025696954,
    0.002707262168239891,
    0.0027064894979838155,
    0.002706181698660478,
    0.002705954096411222,
    0.0027055456800291074,
    0.0027049648945319336,
    0.0027042126776369306,
    0.0027038683526381343,
    0.002703433336873713,
    0.002703279554426698,
    0.002702761294007198,
    0.0027024274849508628,
    0.0027019481080093827,
    0.002701550786888255,
    0.0027013910380166957,
    0.0027012513920542606,
    0.0027010234655773517,
    0.0027009364660799755,
    0.002700702675691677,
    0.002700531636863603,
    0.0027002457936329332,
    0.0027003936724347773
  ],
  "metrics": {
    "adjusted_arithmetic_mean_rank": {
      "both": {
        "realistic": 0.9435416294805868
      },
      "head": {
        "realistic": 0.967246766240468
      },
      "tail": {
        "realistic": 0.9262913538755158
      }
    },
    "adjusted_arithmetic_mean_rank_index": {
      "both": {
        "realistic": 0.056463900127140865
      },
      "head": {
        "realistic": 0.03275704190382822
      },
      "tail": {
        "realistic": 0.07371488228764078
      }
    },
    "arithmetic_mean_rank": {
      "both": {
        "optimistic": 9634.68698981206,
        "pessimistic": 9634.687242928558,
        "realistic": 9634.687116370309
      },
      "head": {
        "optimistic": 8320.10023413276,
        "pessimistic": 8320.100550528381,
        "realistic": 8320.10039233057
      },
      "tail": {
        "optimistic": 10949.273745491362,
        "pessimistic": 10949.273935328734,
        "realistic": 10949.27384041005
      }
    },
    "geometric_mean_rank": {
      "both": {
        "optimistic": 5111.899571730199,
        "pessimistic": 5111.900094543438,
        "realistic": 5111.8998332389
      },
      "head": {
        "optimistic": 4162.225071841805,
        "pessimistic": 4162.225712124262,
        "realistic": 4162.22539214083
      },
      "tail": {
        "optimistic": 6278.256648887086,
        "pessimistic": 6278.256967293722,
        "realistic": 6278.256808103121
      }
    },
    "harmonic_mean_rank": {
      "both": {
        "optimistic": 93.9343766525709,
        "pessimistic": 93.93437806235657,
        "realistic": 93.93437735819927
      },
      "head": {
        "optimistic": 480.5269201644118,
        "pessimistic": 480.52699020378685,
        "realistic": 480.5269552222478
      },
      "tail": {
        "optimistic": 52.055107284820934,
        "pessimistic": 52.05510732877945,
        "realistic": 52.05510730680424
      }
    },
    "hits_at_k": {
      "both": {
        "optimistic": {
          "1": 0.006549389356451307,
          "3": 0.01281402265392647,
          "5": 0.013320255647661837,
          "10": 0.014206163386698728
        },
        "pessimistic": {
          "1": 0.006549389356451307,
          "3": 0.01281402265392647,
          "5": 0.013320255647661837,
          "10": 0.014206163386698728
        },
        "realistic": {
          "1": 0.006549389356451307,
          "3": 0.01281402265392647,
          "5": 0.013320255647661837,
          "10": 0.014206163386698728
        }
      },
      "head": {
        "optimistic": {
          "1": 0.00044295386951844585,
          "3": 0.0010124659874707334,
          "5": 0.0017718154780737834,
          "10": 0.002847560589761438
        },
        "pessimistic": {
          "1": 0.00044295386951844585,
          "3": 0.0010124659874707334,
          "5": 0.0017718154780737834,
          "10": 0.002847560589761438
        },
        "realistic": {
          "1": 0.00044295386951844585,
          "3": 0.0010124659874707334,
          "5": 0.0017718154780737834,
          "10": 0.002847560589761438
        }
      },
      "tail": {
        "optimistic": {
          "1": 0.012655824843384168,
          "3": 0.024615579320382205,
          "5": 0.02486869581724989,
          "10": 0.02556476618363602
        },
        "pessimistic": {
          "1": 0.012655824843384168,
          "3": 0.024615579320382205,
          "5": 0.02486869581724989,
          "10": 0.02556476618363602
        },
        "realistic": {
          "1": 0.012655824843384168,
          "3": 0.024615579320382205,
          "5": 0.02486869581724989,
          "10": 0.02556476618363602
        }
      }
    },
    "inverse_arithmetic_mean_rank": {
      "both": {
        "optimistic": 0.00010379164378224462,
        "pessimistic": 0.00010379164105549525,
        "realistic": 0.00010379164241886991
      },
      "head": {
        "optimistic": 0.00012019085970834272,
        "pessimistic": 0.0001201908551377415,
        "realistic": 0.00012019085742304207
      },
      "tail": {
        "optimistic": 9.133025835725178e-05,
        "pessimistic": 9.133025677377727e-05,
        "realistic": 9.133025756551451e-05
      }
    },
    "inverse_geometric_mean_rank": {
      "both": {
        "optimistic": 0.00019562199647469504,
        "pessimistic": 0.00019562197646769806,
        "realistic": 0.0001956219864672896
      },
      "head": {
        "optimistic": 0.00024025610886955112,
        "pessimistic": 0.00024025607191053395,
        "realistic": 0.00024025609038093264
      },
      "tail": {
        "optimistic": 0.00015927988547222974,
        "pessimistic": 0.00015927987739422774,
        "realistic": 0.00015927988143290598
      }
    },
    "inverse_harmonic_mean_rank": {
      "both": {
        "optimistic": 0.01064572987691861,
        "pessimistic": 0.010645729717145396,
        "realistic": 0.010645729796948644
      },
      "head": {
        "optimistic": 0.002081048861233104,
        "pessimistic": 0.002081048557909119,
        "realistic": 0.0020810487094058885
      },
      "tail": {
        "optimistic": 0.019210410892604116,
        "pessimistic": 0.019210410876381673,
        "realistic": 0.0192104108844914
      }
    },
    "inverse_median_rank": {
      "both": {
        "optimistic": 0.00011351382030762246,
        "pessimistic": 0.00011351382030762246,
        "realistic": 0.00011351382030762246
      },
      "head": {
        "optimistic": 0.00015885623510722796,
        "pessimistic": 0.00015885623510722796,
        "realistic": 0.00015885623510722796
      },
      "tail": {
        "optimistic": 9.38790837401427e-05,
        "pessimistic": 9.38790837401427e-05,
        "realistic": 9.38790837401427e-05
      }
    },
    "median_rank": {
      "both": {
        "optimistic": 8809.5,
        "pessimistic": 8809.5,
        "realistic": 8809.5
      },
      "head": {
        "optimistic": 6295.0,
        "pessimistic": 6295.0,
        "realistic": 6295.0
      },
      "tail": {
        "optimistic": 10652.0,
        "pessimistic": 10652.0,
        "realistic": 10652.0
      }
    },
    "rank_mad": {
      "both": {
        "optimistic": 6514.5,
        "pessimistic": 6514.5,
        "realistic": 6514.5
      },
      "head": {
        "optimistic": 5251.0,
        "pessimistic": 5251.0,
        "realistic": 5251.0
      },
      "tail": {
        "optimistic": 6154.0,
        "pessimistic": 6154.0,
        "realistic": 6154.0
      }
    },
    "rank_std": {
      "both": {
        "optimistic": 7294.138386016212,
        "pessimistic": 7294.138407945315,