{
  "losses": [
    0.00814736699289371,
    0.0030773031824500277,
    0.002729562251751983,
    0.002536945498491637,
    0.0023987906736183686,
    0.0022826912255196506,
    0.002196251271261027,
    0.002136787309659947,
    0.0020942648065346158,
    0.0020628958716199246,
    0.002040501659073377,
    0.0020224262602780247,
    0.002009509834711709,
    0.001999651829314789,
    0.0019916922372784345,
    0.0019862079810155212,
    0.0019809569361089125,
    0.001977893601378924,
    0.0019747031268651425,
    0.001972187605512187,
    0.001970268224458354,
    0.0019680139139745517,
    0.0019666947150753086,
    0.001965191491060063,
    0.0019642978639340058,
    0.0019633358212247753,
    0.001962484223140017,
    0.0019616991897861416,
    0.0019609912601570682,
    0.0019605570504297684,
    0.0019598784233658866,
    0.0019587005915084046,
    0.001959025655990666,
    0.001958260816382452,
    0.0019579592295590276,
    0.0019572572599833517,
    0.0019576226763895733,
    0.001957237407907788,
    0.0019560092052648952,
    0.0019567378519535017,
    0.0019564300642820583,
    0.0019558926384070003,
    0.0019558104947243094,
    0.00195539829325012,
    0.0019552153736714225,
    0.001955335002772031,
    0.0019552148578284847,
    0.001954924594598921,
    0.0019542431132094783,
    0.0019547215775030454
  ],
  "metrics": {
    "adjusted_arithmetic_mean_rank": {
      "both": {
        "realistic": 0.037426484675011626
      },
      "head": {
        "realistic": 0.04948500005456693
      },
      "tail": {
        "realistic": 0.0256150905054225
      }
    },
    "adjusted_arithmetic_mean_rank_index": {
      "both": {
        "realistic": 0.9625840558618669
      },
      "head": {
        "realistic": 0.9505255173229528
      },
      "tail": {
        "realistic": 0.9743954700378532
      }
    },
    "arithmetic_mean_rank": {
      "both": {
        "optimistic": 3417.8648065833872,
        "pessimistic": 3417.866206031582,
        "realistic": 3417.8655063074843
      },
      "head": {
        "optimistic": 4472.288492514633,
        "pessimistic": 4472.290170485484,
        "realistic": 4472.289331500058
      },
      "tail": {
        "optimistic": 2363.4411206521418,
        "pessimistic": 2363.44224157768,
        "realistic": 2363.441681114911
      }
    },
    "geometric_mean_rank": {
      "both": {
        "optimistic": 730.264679428651,
        "pessimistic": 730.2652826712971,
        "realistic": 730.2649819487303
      },
      "head": {
        "optimistic": 2128.9011381037085,
        "pessimistic": 2128.9023282737653,
        "realistic": 2128.901733349546
      },
      "tail": {
        "optimistic": 250.49848134143338,
        "pessimistic": 250.49875515304043,
        "realistic": 250.49861884490105
      }
    },
    "harmonic_mean_rank": {
      "both": {
        "optimistic": 39.034531686448595,
        "pessimistic": 39.03454668948951,
        "realistic": 39.0345393248837
      },
      "head": {
        "optimistic": 275.89498621873486,
        "pessimistic": 275.89503223015447,
        "realistic": 275.8950092608283
      },
      "tail": {
        "optimistic": 21.003056673399247,
        "pessimistic": 21.00306509387905,
        "realistic": 21.003060962705238
      }
    },
    "hits_at_k": {
      "both": {
        "optimistic": {
          "1": 0.006523353754530977,
          "3": 0.019389505676394265,
          "5": 0.031407558956810196,
          "10": 0.05959872232715078
        },
        "pessimistic": {
          "1": 0.006523353754530977,
          "3": 0.019389505676394265,
          "5": 0.031407558956810196,
          "10": 0.05959872232715078
        },
        "realistic": {
          "1": 0.006523353754530977,
          "3": 0.019389505676394265,
          "5": 0.031407558956810196,
          "10": 0.05959872232715078
        }
      },
      "head": {
        "optimistic": {
          "1": 0.0006686822062184028,
          "3": 0.0020914830163832835,
          "5": 0.0032374698979092003,
          "10": 0.005995356816571471
        },
        "pessimistic": {
          "1": 0.0006686822062184028,
          "3": 0.0020914830163832835,
          "5": 0.0032374698979092003,
          "10": 0.005995356816571471
        },
        "realistic": {
          "1": 0.0006686822062184028,
          "3": 0.0020914830163832835,
          "5": 0.0032374698979092003,
          "10": 0.005995356816571471
        }
      },
      "tail": {
        "optimistic": {
          "1": 0.012378025302843551,
          "3": 0.03668752833640525,
          "5": 0.059577648015711186,
          "10": 0.11320208783773009
        },
        "pessimistic": {
          "1": 0.012378025302843551,
          "3": 0.03668752833640525,
          "5": 0.059577648015711186,
          "10": 0.11320208783773009
        },
        "realistic": {
          "1": 0.012378025302843551,
          "3": 0.03668752833640525,
          "5": 0.059577648015711186,
          "10": 0.11320208783773009
        }
      }
    },
    "inverse_arithmetic_mean_rank": {
      "both": {
        "optimistic": 0.0002925803261948309,
        "pessimistic": 0.00029258020639757006,
        "realistic": 0.00029258026629618825
      },
      "head": {
        "optimistic": 0.00022359917113435815,
        "pessimistic": 0.00022359908724157006,
        "realistic": 0.00022359912918795623
      },
      "tail": {
        "optimistic": 0.00042311187330280143,
        "pessimistic": 0.00042311167263070715,
        "realistic": 0.0004231117729667305
      }
    },
    "inverse_geometric_mean_rank": {
      "both": {
        "optimistic": 0.0013693665162368065,
        "pessimistic": 0.001369365385058452,
        "realistic": 0.001369365948962081
      },
      "head": {
        "optimistic": 0.00046972589854066087,
        "pessimistic": 0.0004697256359388064,
        "realistic": 0.0004697257672042157
      },
      "tail": {
        "optimistic": 0.0039920401698443206,
        "pessimistic": 0.00399203580628198,
        "realistic": 0.003992037978537363
      }
    },
    "inverse_harmonic_mean_rank": {
      "both": {
        "optimistic": 0.025618342446956127,
        "pessimistic": 0.025618332600472117,
        "realistic": 0.0256183374338562
      },
      "head": {
        "optimistic": 0.003624567498327718,
        "pessimistic": 0.0036245668938532745,
        "realistic": 0.003624567195612481
      },
      "tail": {
        "optimistic": 0.047612117395584526,
        "pessimistic": 0.04761209830709096,
        "realistic": 0.047612107672099904
      }
    },
    "inverse_median_rank": {
      "both": {
        "optimistic": 0.0006954102920723226,
        "pessimistic": 0.0006954102920723226,
        "realistic": 0.0006954102920723226
      },
      "head": {
        "optimistic": 0.00037893141341417203,
        "pessimistic": 0.00037893141341417203,
        "realistic": 0.00037893141341417203
      },
      "tail": {
        "optimistic": 0.003787878787878788,
        "pessimistic": 0.003787878787878788,
        "realistic": 0.003787878787878788
      }
    },
    "median_rank": {
      "both": {
        "optimistic": 1438.0,
        "pessimistic": 1438.0,
        "realistic": 1438.0
      },
      "head": {
        "optimistic": 2639.0,
        "pessimistic": 2639.0,
        "realistic": 2639.0
      },
      "tail": {
        "optimistic": 264.0,
        "pessimistic": 264.0,
        "realistic": 264.0
      }
    },
    "rank_mad": {
      "both": {
        "optimistic": 1407.0,
        "pessimistic": 1407.0,
        "realistic": 1407.0
      },
      "head": {
        "optimistic": 2011.0,
        "pessimistic": 2011.0,
        "realistic": 2011.0
      },
      "tail": {
        "optimistic": 259.0,
        "pessimistic": 259.0,
        "realistic": 259.0
      }
    },
    "rank_std": {
      "both": {
        "optimistic": 5352.183891508187,
        "pessimistic": 5352.184805359135,
        "realistic": 5352.18434840083
      },