{
  "losses": [
    0.015633638262603347,
    0.013401364166819214,
    0.010998878472145422,
    0.00868763431878944,
    0.006928082920272141,
    0.005643356739978153,
    0.004687888740997476,
    0.003962069277645771,
    0.0034011528739592836,
    0.0029725368417143076,
    0.0026500981302849777,
    0.002422286833129377,
    0.002258589795258883,
    0.0021462944967357983,
    0.0020774403985994155,
    0.002037157001551848,
    0.0020108802701668312,
    0.001991938777970588,
    0.001977471747891612,
    0.0019675535528128106,
    0.001960638540866771,
    0.0019542306207524147,
    0.0019489173604628923,
    0.001946942272187387,
    0.0019418668971872435,
    0.001938385072018081,
    0.0019374492603780494,
    0.001938399717117672,
    0.001933812689867133,
    0.0019349853451110521,
    0.0019340648779975216,
    0.0019322948396203507,
    0.0019306731120969803,
    0.0019319568510842479,
    0.0019304233778181786,
    0.0019291387998913625,
    0.0019292867924486762,
    0.0019274961804835206,
    0.0019259493854910836,
    0.0019280996916561633,
    0.0019263614758721812,
    0.0019268661199759243,
    0.0019275995385813968,
    0.0019256122296377604,
    0.0019233996250891294,
    0.0019248630102941342,
    0.0019248145375065462,
    0.0019265144601331215,
    0.0019233123470209286,
    0.0019233706708917597
  ],
  "metrics": {
    "adjusted_arithmetic_mean_rank": {
      "both": {
        "realistic": 0.09508804638124826
      },
      "head": {
        "realistic": 0.11213626929883352
      },
      "tail": {
        "realistic": 0.07834641227565863
      }
    },
    "adjusted_arithmetic_mean_rank_index": {
      "both": {
        "realistic": 0.9050378385194939
      },
      "head": {
        "realistic": 0.8879883750800102
      },
      "tail": {
        "realistic": 0.9217806485679361
      }
    },
    "arithmetic_mean_rank": {
      "both": {
        "optimistic": 683.6265919304336,
        "pessimistic": 683.6268190593618,
        "realistic": 683.6267054948977
      },
      "head": {
        "optimistic": 798.8783075650157,
        "pessimistic": 798.8785184704489,
        "realistic": 798.8784130177323
      },
      "tail": {
        "optimistic": 568.3748762958517,
        "pessimistic": 568.3751196482747,
        "realistic": 568.3749979720632
      }
    },
    "geometric_mean_rank": {
      "both": {
        "optimistic": 113.04496816844318,
        "pessimistic": 113.04504092972681,
        "realistic": 113.04500465578107
      },
      "head": {
        "optimistic": 190.48242354071863,
        "pessimistic": 190.48251220265823,
        "realistic": 190.4824679384056
      },
      "tail": {
        "optimistic": 67.08841997420626,
        "pessimistic": 67.08847511002777,
        "realistic": 67.08844764525966
      }
    },
    "harmonic_mean_rank": {
      "both": {
        "optimistic": 8.817662223404808,
        "pessimistic": 8.817662810544677,
        "realistic": 8.81766251982288
      },
      "head": {
        "optimistic": 16.217903413159572,
        "pessimistic": 16.217904150217375,
        "realistic": 16.217903783320708
      },
      "tail": {
        "optimistic": 6.054836087818651,
        "pessimistic": 6.054836538777522,
        "realistic": 6.0548363157564715
      }
    },
    "hits_at_k": {
      "both": {
        "optimistic": {
          "1": 0.06752218562922825,
          "3": 0.11907234056360422,
          "5": 0.14826651957364656,
          "10": 0.19855935365596455
        },
        "pessimistic": {
          "1": 0.06752218562922825,
          "3": 0.11907234056360422,
          "5": 0.14826651957364656,
          "10": 0.19855935365596455
        },
        "realistic": {
          "1": 0.06752218562922825,
          "3": 0.11907234056360422,
          "5": 0.14826651957364656,
          "10": 0.19855935365596455
        }
      },
      "head": {
        "optimistic": {
          "1": 0.02809909310663703,
          "3": 0.06087055273447006,
          "5": 0.0826749298333847,
          "10": 0.12286052661464332
        },
        "pessimistic": {
          "1": 0.02809909310663703,
          "3": 0.06087055273447006,
          "5": 0.0826749298333847,
          "10": 0.12286052661464332
        },
        "realistic": {
          "1": 0.02809909310663703,
          "3": 0.06087055273447006,
          "5": 0.0826749298333847,
          "10": 0.12286052661464332
        }
      },
      "tail": {
        "optimistic": {
          "1": 0.10694527815181946,
          "3": 0.17727412839273837,
          "5": 0.2138581093139084,
          "10": 0.2742581806972858
        },
        "pessimistic": {
          "1": 0.10694527815181946,
          "3": 0.17727412839273837,
          "5": 0.2138581093139084,
          "10": 0.2742581806972858
        },
        "realistic": {
          "1": 0.10694527815181946,
          "3": 0.17727412839273837,
          "5": 0.2138581093139084,
          "10": 0.2742581806972858
        }
      }
    },
    "inverse_arithmetic_mean_rank": {
      "both": {
        "optimistic": 0.0014627868661109087,
        "pessimistic": 0.0014627863801129873,
        "realistic": 0.0014627866231119075
      },
      "head": {
        "optimistic": 0.0012517551052900712,
        "pessimistic": 0.0012517547748243662,
        "realistic": 0.0012517549400571967
      },
      "tail": {
        "optimistic": 0.001759402186312468,
        "pessimistic": 0.0017594014330163256,
        "realistic": 0.0017594018096643161
      }
    },
    "inverse_geometric_mean_rank": {
      "both": {
        "optimistic": 0.008846037255810851,
        "pessimistic": 0.008846031562071253,
        "realistic": 0.008846034400590919
      },
      "head": {
        "optimistic": 0.005249828206780633,
        "pessimistic": 0.005249825763196989,
        "realistic": 0.005249826983149756
      },
      "tail": {
        "optimistic": 0.01490570206280717,
        "pessimistic": 0.01490568981274295,
        "realistic": 0.014905695914856335
      }
    },
    "inverse_harmonic_mean_rank": {
      "both": {
        "optimistic": 0.11340874425260815,
        "pessimistic": 0.11340873670108381,
        "realistic": 0.11340874044021441
      },
      "head": {
        "optimistic": 0.06166025129910303,
        "pessimistic": 0.061660248496819274,
        "realistic": 0.06166024989175539
      },
      "tail": {
        "optimistic": 0.1651572372061133,
        "pessimistic": 0.16515722490534832,
        "realistic": 0.16515723098867344
      }
    },
    "inverse_median_rank": {
      "both": {
        "optimistic": 0.00625,
        "pessimistic": 0.00625,
        "realistic": 0.00625
      },
      "head": {
        "optimistic": 0.0033783783783783786,
        "pessimistic": 0.0033783783783783786,
        "realistic": 0.0033783783783783786
      },
      "tail": {
        "optimistic": 0.014925373134328358,
        "pessimistic": 0.014925373134328358,
        "realistic": 0.014925373134328358
      }
    },
    "median_rank": {
      "both": {
        "optimistic": 160.0,
        "pessimistic": 160.0,
        "realistic": 160.0
      },
      "head": {
        "optimistic": 296.0,
        "pessimistic": 296.0,
        "realistic": 296.0
      },
      "tail": {
        "optimistic": 67.0,
        "pessimistic": 67.0,
        "realistic": 67.0
      }
    },
    "rank_mad": {
      "both": {
        "optimistic": 158.0,
        "pessimistic": 158.0,
        "realistic": 158.0
      },
      "head": {
        "optimistic": 287.0,
        "pessimistic": 287.0,
        "realistic": 287.0
      },
      "tail": {
        "optimistic": 66.0,
        "pessimistic": 66.0,
        "realistic": 66.0
      }
    },
    "rank_std": {
      "both": {
        "optimistic": 1052.717755427774,
        "pessimistic": 1052.7178743660954,
        "realistic": 1052.7178148699732
      },
      "head": {
        "optimistic": 1115.9372243734297,
        "pessimistic": 1115.9373581096518,