{
  "losses": [
    0.002713178232871496,
    0.0027082982996943605,
    0.002708298757117147,
    0.002708298963712137,
    0.002708298632829721,
    0.0027082987733383457,
    0.0027082992927170996,
    0.002708298863080626,
    0.002708298503736014,
    0.002708286834686229,
    0.002708054840753224,
    0.0027076784672617144,
    0.0027075289248561043,
    0.0027075229026609538,
    0.002707574322058778,
    0.002707642691783263,
    0.0027077344109471377,
    0.0027077536381743834,
    0.002707800306488218,
    0.002707817603843396,
    0.002707821138938261,
    0.0027059181471241894,
    0.002700994548357352,
    0.0027010917756695916,
    0.002701104885627438,
    0.002700753487975791,
    0.0027005006753357034,
    0.0026997762834587665,
    0.0026987871737082984,
    0.002697862405943635,
    0.0026970913994480354,
    0.0026964764221103065,
    0.0026957662182250527,
    0.0026952775930616066,
    0.002694554786356263,
    0.0026935890271716566,
    0.0026927121837372623,
    0.0026920897052966613,
    0.002691086388629778,
    0.0026904326155915985,
    0.0026895679653920245,
    0.002689023101933142,
    0.0026881787353663852,
    0.0026874543784100842,
    0.00268644216411527,
    0.0026857511701846885,
    0.0026847368611022855,
    0.0026840279315574127,
    0.002683398099056102,
    0.0026827831752633488
  ],
  "metrics": {
    "adjusted_arithmetic_mean_rank": {
      "both": {
        "realistic": 0.9153708478107043
      },
      "head": {
        "realistic": 0.9675228091684329
      },
      "tail": {
        "realistic": 0.8646848039223082
      }
    },
    "adjusted_arithmetic_mean_rank_index": {
      "both": {
        "realistic": 0.08463054592686703
      },
      "head": {
        "realistic": 0.03247773342537219
      },
      "tail": {
        "realistic": 0.13531739323165248
      }
    },
    "arithmetic_mean_rank": {
      "both": {
        "optimistic": 55583.155673085574,
        "pessimistic": 55583.158807570115,
        "realistic": 55583.15724032784
      },
      "head": {
        "optimistic": 57912.46905998608,
        "pessimistic": 57912.472473828,
        "realistic": 57912.47076690704
      },
      "tail": {
        "optimistic": 53253.84228618507,
        "pessimistic": 53253.845141312224,
        "realistic": 53253.84371374865
      }
    },
    "geometric_mean_rank": {
      "both": {
        "optimistic": 26380.072864968628,
        "pessimistic": 26380.12157769374,
        "realistic": 26380.098520728458
      },
      "head": {
        "optimistic": 34133.81120846052,
        "pessimistic": 34133.84439320634,
        "realistic": 34133.82784164054
      },
      "tail": {
        "optimistic": 20387.65141434203,
        "pessimistic": 20387.706888135046,
        "realistic": 20387.681135321887
      }
    },
    "harmonic_mean_rank": {
      "both": {
        "optimistic": 116.57376578359205,
        "pessimistic": 116.57922976357841,
        "realistic": 116.57703442830116
      },
      "head": {
        "optimistic": 372.0156058156624,
        "pessimistic": 372.0169296787392,
        "realistic": 372.01627538812545
      },
      "tail": {
        "optimistic": 69.11585859277571,
        "pessimistic": 69.1196543549742,
        "realistic": 69.11813349930011
      }
    },
    "hits_at_k": {
      "both": {
        "optimistic": {
          "1": 0.003293102713554515,
          "3": 0.010449860084564794,
          "5": 0.013546465655613899,
          "10": 0.018030388401460234
        },
        "pessimistic": {
          "1": 0.003293102713554515,
          "3": 0.010449860084564794,
          "5": 0.013546465655613899,
          "10": 0.018030388401460234
        },
        "realistic": {
          "1": 0.003293102713554515,
          "3": 0.010449860084564794,
          "5": 0.013546465655613899,
          "10": 0.018030388401460234
        }
      },
      "head": {
        "optimistic": {
          "1": 0.0018087206852305173,
          "3": 0.002410049290006108,
          "5": 0.002812513316824417,
          "10": 0.0036647900794984827
        },
        "pessimistic": {
          "1": 0.0018087206852305173,
          "3": 0.002410049290006108,
          "5": 0.002812513316824417,
          "10": 0.0036647900794984827
        },
        "realistic": {
          "1": 0.0018087206852305173,
          "3": 0.002410049290006108,
          "5": 0.002812513316824417,
          "10": 0.0036647900794984827
        }
      },
      "tail": {
        "optimistic": {
          "1": 0.004777484741878513,
          "3": 0.018489670879123482,
          "5": 0.02428041799440338,
          "10": 0.032395986723421984
        },
        "pessimistic": {
          "1": 0.004777484741878513,
          "3": 0.018489670879123482,
          "5": 0.02428041799440338,
          "10": 0.032395986723421984
        },
        "realistic": {
          "1": 0.004777484741878513,
          "3": 0.018489670879123482,
          "5": 0.02428041799440338,
          "10": 0.032395986723421984
        }
      }
    },
    "inverse_arithmetic_mean_rank": {
      "both": {
        "optimistic": 1.7991062002336422e-05,
        "pessimistic": 1.7991060987771813e-05,
        "realistic": 1.7991061495054106e-05
      },
      "head": {
        "optimistic": 1.7267438536668055e-05,
        "pessimistic": 1.726743751878187e-05,
        "realistic": 1.7267438027724948e-05
      },
      "tail": {
        "optimistic": 1.8777987785858158e-05,
        "pessimistic": 1.877798677910376e-05,
        "realistic": 1.8777987282480948e-05
      }
    },
    "inverse_geometric_mean_rank": {
      "both": {
        "optimistic": 3.790740098098623e-05,
        "pessimistic": 3.790733098233978e-05,
        "realistic": 3.790736411443796e-05
      },
      "head": {
        "optimistic": 2.9296464842230583e-05,
        "pessimistic": 2.9296436360359984e-05,
        "realistic": 2.9296450566264358e-05
      },
      "tail": {
        "optimistic": 4.904929850313869e-05,
        "pessimistic": 4.904916504278204e-05,
        "realistic": 4.904922699950848e-05
      }
    },
    "inverse_harmonic_mean_rank": {
      "both": {
        "optimistic": 0.008578259381758359,
        "pessimistic": 0.00857785732525417,
        "realistic": 0.008578018860267319
      },
      "head": {
        "optimistic": 0.0026880592759205655,
        "pessimistic": 0.002688049710166591,
        "realistic": 0.0026880544378245215
      },
      "tail": {
        "optimistic": 0.014468459487596156,
        "pessimistic": 0.014467664940341747,
        "realistic": 0.014467983282710114
      }
    },
    "inverse_median_rank": {
      "both": {
        "optimistic": 1.837036492729928e-05,
        "pessimistic": 1.837036492729928e-05,
        "realistic": 1.837036492729928e-05
      },
      "head": {
        "optimistic": 1.7594482370328666e-05,
        "pessimistic": 1.7594482370328666e-05,
        "realistic": 1.7594482370328666e-05
      },
      "tail": {
        "optimistic": 1.9346476039389424e-05,
        "pessimistic": 1.9346476039389424e-05,
        "realistic": 1.9346476039389424e-05
      }
    },
    "median_rank": {
      "both": {
        "optimistic": 54435.5,
        "pessimistic": 54435.5,
        "realistic": 54435.5
      },
      "head": {
        "optimistic": 56836.0,
        "pessimistic": 56836.0,
        "realistic": 56836.0
      },
      "tail": {
        "optimistic": 51689.0,
        "pessimistic": 51689.0,
        "realistic": 51689.0
      }
    },
    "rank_mad": {
      "both": {
        "optimistic": 33705.5,
        "pessimistic": 33705.5,
        "realistic": 33705.5
      },
      "head": {
        "optimistic": 32208.0,
        "pessimistic": 32208.0,
        "realistic": 32208.0
      },
      "tail": {
        "optimistic": 35427.0,
        "pessimistic": 35427.0,
        "realistic": 35427.0
      }
    },
    "rank_std": {
      "both": {
        "optimistic": 38142.32833499829,
        "pessimistic": 38142.32883249006,