{
  "losses": [
    0.0027088321957502203,
    0.0027078868455700233,
    0.0027078864224534954,
    0.0027078845928755276,
    0.0027078657223169942,
    0.0027078536464782135,
    0.0027078507645003328,
    0.002707845568912785,
    0.0026084750079279307,
    0.0024348737147547998,
    0.0023732955596257473,
    0.0024268310766486774,
    0.002461642861170579,
    0.0024842739831764204,
    0.0024904945482945723,
    0.002498175332905781,
    0.0024984731591570137,
    0.0025002426554071185,
    0.0025011759210182504,
    0.002501524870239297,
    0.002501868597288307,
    0.002501938083827541,
    0.002503539855952029,
    0.0025035419700725928,
    0.0025038881257854508,
    0.0025043101803961516,
    0.002504236413571486,
    0.0025037667416288652,
    0.00250486680199101,
    0.0025059747267787463,
    0.002507225441466163,
    0.002505878116680419,
    0.0025062620424988235,
    0.0025076059814244864,
    0.0025058847138933068,
    0.002506978166976729,
    0.002506619098498714,
    0.002507403045335299,
    0.002506454315157385,
    0.002507933567864996,
    0.0025070940337483336,
    0.0025073718881037294,
    0.0025075054076787165,
    0.0025090793868520287,
    0.002509264153434346,
    0.0025090322456228545,
    0.0025102818334709785,
    0.0025087711632399913,
    0.002509758327503039,
    0.0025095183906558146
  ],
  "metrics": {
    "adjusted_arithmetic_mean_rank": {
      "both": {
        "realistic": 0.7001890429941583
      },
      "head": {
        "realistic": 0.701448517295466
      },
      "tail": {
        "realistic": 0.69891879347369
      }
    },
    "adjusted_arithmetic_mean_rank_index": {
      "both": {
        "realistic": 0.2998171659812279
      },
      "head": {
        "realistic": 0.2985576393721382
      },
      "tail": {
        "realistic": 0.30108746848110324
      }
    },
    "arithmetic_mean_rank": {
      "both": {
        "optimistic": 33810.476760667116,
        "pessimistic": 33810.565831573396,
        "realistic": 33810.521296120256
      },
      "head": {
        "optimistic": 34015.569377572465,
        "pessimistic": 34015.65365681957,
        "realistic": 34015.61151719602
      },
      "tail": {
        "optimistic": 33605.38414376177,
        "pessimistic": 33605.47800632722,
        "realistic": 33605.43107504449
      }
    },
    "geometric_mean_rank": {
      "both": {
        "optimistic": 10638.323871947252,
        "pessimistic": 10638.418359520843,
        "realistic": 10638.371536973977
      },
      "head": {
        "optimistic": 10633.608585084346,
        "pessimistic": 10633.717973174216,
        "realistic": 10633.664008169193
      },
      "tail": {
        "optimistic": 10643.041249721218,
        "pessimistic": 10643.120823563275,
        "realistic": 10643.081149804306
      }
    },
    "harmonic_mean_rank": {
      "both": {
        "optimistic": 335.4103139188085,
        "pessimistic": 335.44731411570933,
        "realistic": 335.4331429652502
      },
      "head": {
        "optimistic": 375.1062003582312,
        "pessimistic": 375.1868332271653,
        "realistic": 375.1569630017658
      },
      "tail": {
        "optimistic": 303.3120912827512,
        "pessimistic": 303.31988987510886,
        "realistic": 303.3162401097983
      }
    },
    "hits_at_k": {
      "both": {
        "optimistic": {
          "1": 0.0006072004206725622,
          "3": 0.0017826342392523813,
          "5": 0.002940083278094367,
          "10": 0.005170195965585695
        },
        "pessimistic": {
          "1": 0.0006067722116311852,
          "3": 0.0017826342392523813,
          "5": 0.002940083278094367,
          "10": 0.005170195965585695
        },
        "realistic": {
          "1": 0.0006067722116311852,
          "3": 0.0017826342392523813,
          "5": 0.002940083278094367,
          "10": 0.005170195965585695
        }
      },
      "head": {
        "optimistic": {
          "1": 0.0005806514601071893,
          "3": 0.0014156590907923067,
          "5": 0.002343159874414852,
          "10": 0.004062847384584817
        },
        "pessimistic": {
          "1": 0.0005797950420244353,
          "3": 0.0014156590907923067,
          "5": 0.002343159874414852,
          "10": 0.004062847384584817
        },
        "realistic": {
          "1": 0.0005797950420244353,
          "3": 0.0014156590907923067,
          "5": 0.002343159874414852,
          "10": 0.004062847384584817
        }
      },
      "tail": {
        "optimistic": {
          "1": 0.0006337493812379352,
          "3": 0.002149609387712456,
          "5": 0.003537006681773882,
          "10": 0.006277544546586574
        },
        "pessimistic": {
          "1": 0.0006337493812379352,
          "3": 0.002149609387712456,
          "5": 0.003537006681773882,
          "10": 0.006277544546586574
        },
        "realistic": {
          "1": 0.0006337493812379352,
          "3": 0.002149609387712456,
          "5": 0.003537006681773882,
          "10": 0.006277544546586574
        }
      }
    },
    "inverse_arithmetic_mean_rank": {
      "both": {
        "optimistic": 2.957663114538906e-05,
        "pessimistic": 2.957655322840435e-05,
        "realistic": 2.957659218684539e-05
      },
      "head": {
        "optimistic": 2.9398302550811673e-05,
        "pessimistic": 2.939822971179378e-05,
        "realistic": 2.939826613125761e-05
      },
      "tail": {
        "optimistic": 2.975713640772745e-05,
        "pessimistic": 2.9757053293862406e-05,
        "realistic": 2.975709485073689e-05
      }
    },
    "inverse_geometric_mean_rank": {
      "both": {
        "optimistic": 9.399977026803553e-05,
        "pessimistic": 9.399893538733141e-05,
        "realistic": 9.399934910380506e-05
      },
      "head": {
        "optimistic": 9.404145281430518e-05,
        "pessimistic": 9.404048541843123e-05,
        "realistic": 9.404096266646766e-05
      },
      "tail": {
        "optimistic": 9.395810619696638e-05,
        "pessimistic": 9.395740371433686e-05,
        "realistic": 9.395775395533718e-05
      }
    },
    "inverse_harmonic_mean_rank": {
      "both": {
        "optimistic": 0.0029814229273881724,
        "pessimistic": 0.002981094073256045,
        "realistic": 0.002981220016483573
      },
      "head": {
        "optimistic": 0.0026659116779327754,
        "pessimistic": 0.002665338736433023,
        "realistic": 0.0026655509523231032
      },
      "tail": {
        "optimistic": 0.003296934176843573,
        "pessimistic": 0.0032968494100790663,
        "realistic": 0.003296889080644041
      }
    },
    "inverse_median_rank": {
      "both": {
        "optimistic": 3.45913037462382e-05,
        "pessimistic": 3.45913037462382e-05,
        "realistic": 3.45913037462382e-05
      },
      "head": {
        "optimistic": 3.4735489249366076e-05,
        "pessimistic": 3.4735489249366076e-05,
        "realistic": 3.4735489249366076e-05
      },
      "tail": {
        "optimistic": 3.446968391299852e-05,
        "pessimistic": 3.446968391299852e-05,
        "realistic": 3.446968391299852e-05
      }
    },
    "median_rank": {
      "both": {
        "optimistic": 28909.0,
        "pessimistic": 28909.0,
        "realistic": 28909.0
      },
      "head": {
        "optimistic": 28789.0,
        "pessimistic": 28789.0,
        "realistic": 28789.0
      },
      "tail": {
        "optimistic": 29011.0,
        "pessimistic": 29011.0,
        "realistic": 29011.0
      }
    },
    "rank_mad": {
      "both": {
        "optimistic": 27472.0,
        "pessimistic": 27472.0,
        "realistic": 27472.0
      },
      "head": {
        "optimistic": 27393.0,
        "pessimistic": 27393.0,
        "realistic": 27393.0
      },
      "tail": {
        "optimistic": 27538.0,
        "pessimistic": 27538.0,
        "realistic": 27538.0
      }
    },
    "rank_std": {
      "both": {
        "optimistic": 30642.30811849256,
        "pessimistic": 30642.337406228544,