{
  "losses": [
    0.006034878479269283,
    0.0021916981903107387,
    0.0021199296423526095,
    0.002096560062877631,
    0.002085125806196497,
    0.0020780090383896257,
    0.0020728870537046877,
    0.0020691051318260227,
    0.002067051021309192,
    0.002063781417855964,
    0.002062185515312563,
    0.002060602027747577,
    0.0020593166913823904,
    0.002058350602473145,
    0.00205715878737544,
    0.002056617865882495,
    0.0020558927757650895,
    0.002055584800616052,
    0.0020553791755916714,
    0.0020549926649856324,
    0.0020553300526543225,
    0.0020554744899578233,
    0.0020554072417437465,
    0.0020554220299005524,
    0.002055849808198152,
    0.002055524078692014,
    0.002056678907596673,
    0.0020564481970542677,
    0.0020571833851644166,
    0.0020572960556225414,
    0.002057085634618685,
    0.0020580007679753816,
    0.0020580456030674225,
    0.002058156720778088,
    0.0020575663182029287,
    0.002057113415768763,
    0.0020572893894899528,
    0.0020565498392907046,
    0.0020561958589971016,
    0.002056056627429402,
    0.0020558379726551375,
    0.0020558034885752715,
    0.0020557054183611614,
    0.00205544061251173,
    0.0020551925977069663,
    0.0020551007600090303,
    0.002055322810663063,
    0.002054439103860088,
    0.0020547045825051943,
    0.002054373109941952
  ],
  "metrics": {
    "adjusted_arithmetic_mean_rank": {
      "both": {
        "realistic": 0.048843288996133584
      },
      "head": {
        "realistic": 0.04817069531226852
      },
      "tail": {
        "realistic": 0.04951587349571421
      }
    },
    "adjusted_arithmetic_mean_rank_index": {
      "both": {
        "realistic": 0.9511762753306604
      },
      "head": {
        "realistic": 0.9518488829827686
      },
      "tail": {
        "realistic": 0.9505036768632162
      }
    },
    "arithmetic_mean_rank": {
      "both": {
        "optimistic": 2374.6565762004175,
        "pessimistic": 2374.65866388309,
        "realistic": 2374.6576200417535
      },
      "head": {
        "optimistic": 2341.9415448851773,
        "pessimistic": 2341.9415448851773,
        "realistic": 2341.9415448851773
      },
      "tail": {
        "optimistic": 2407.3716075156576,
        "pessimistic": 2407.375782881002,
        "realistic": 2407.3736951983296
      }
    },
    "geometric_mean_rank": {
      "both": {
        "optimistic": 1392.5872430175798,
        "pessimistic": 1392.5877785511937,
        "realistic": 1392.5875107968807
      },
      "head": {
        "optimistic": 1417.7281508090541,
        "pessimistic": 1417.7281508090541,
        "realistic": 1417.7281508090541
      },
      "tail": {
        "optimistic": 1367.892164875616,
        "pessimistic": 1367.8932169495577,
        "realistic": 1367.8926909370807
      }
    },
    "harmonic_mean_rank": {
      "both": {
        "optimistic": 651.1729502469469,
        "pessimistic": 651.1729807429579,
        "realistic": 651.1729654963987
      },
      "head": {
        "optimistic": 645.1637863032249,
        "pessimistic": 645.1637863032249,
        "realistic": 645.1637863032249
      },
      "tail": {
        "optimistic": 657.2951073539482,
        "pessimistic": 657.2951694982263,
        "realistic": 657.2951384290337
      }
    },
    "hits_at_k": {
      "both": {
        "optimistic": {
          "1": 0.0,
          "3": 0.0,
          "5": 0.0,
          "10": 0.0
        },
        "pessimistic": {
          "1": 0.0,
          "3": 0.0,
          "5": 0.0,
          "10": 0.0
        },
        "realistic": {
          "1": 0.0,
          "3": 0.0,
          "5": 0.0,
          "10": 0.0
        }
      },
      "head": {
        "optimistic": {
          "1": 0.0,
          "3": 0.0,
          "5": 0.0,
          "10": 0.0
        },
        "pessimistic": {
          "1": 0.0,
          "3": 0.0,
          "5": 0.0,
          "10": 0.0
        },
        "realistic": {
          "1": 0.0,
          "3": 0.0,
          "5": 0.0,
          "10": 0.0
        }
      },
      "tail": {
        "optimistic": {
          "1": 0.0,
          "3": 0.0,
          "5": 0.0,
          "10": 0.0
        },
        "pessimistic": {
          "1": 0.0,
          "3": 0.0,
          "5": 0.0,
          "10": 0.0
        },
        "realistic": {
          "1": 0.0,
          "3": 0.0,
          "5": 0.0,
          "10": 0.0
        }
      }
    },
    "inverse_arithmetic_mean_rank": {
      "both": {
        "optimistic": 0.0004211135243817258,
        "pessimistic": 0.0004211131541595034,
        "realistic": 0.00042111333927053325
      },
      "head": {
        "optimistic": 0.00042699614009752274,
        "pessimistic": 0.00042699614009752274,
        "realistic": 0.00042699614009752274
      },
      "tail": {
        "optimistic": 0.0004153907925465537,
        "pessimistic": 0.00041539007209055674,
        "realistic": 0.00041539043231824286
      }
    },
    "inverse_geometric_mean_rank": {
      "both": {
        "optimistic": 0.0007180878648817094,
        "pessimistic": 0.0007180875887338102,
        "realistic": 0.0007180877268012908
      },
      "head": {
        "optimistic": 0.0007053538433509489,
        "pessimistic": 0.0007053538433509489,
        "realistic": 0.0007053538433509489
      },
      "tail": {
        "optimistic": 0.0007310517785522452,
        "pessimistic": 0.000731051216285749,
        "realistic": 0.0007310514974057985
      }
    },
    "inverse_harmonic_mean_rank": {
      "both": {
        "optimistic": 0.0015356903256205068,
        "pessimistic": 0.001535690253700402,
        "realistic": 0.0015356902896570429
      },
      "head": {
        "optimistic": 0.0015499940034297015,
        "pessimistic": 0.0015499940034297015,
        "realistic": 0.0015499940034297015
      },
      "tail": {
        "optimistic": 0.0015213866478113124,
        "pessimistic": 0.001521386503971103,
        "realistic": 0.0015213865758843842
      }
    },
    "inverse_median_rank": {
      "both": {
        "optimistic": 0.000724112961622013,
        "pessimistic": 0.000724112961622013,
        "realistic": 0.000724112961622013
      },
      "head": {
        "optimistic": 0.0007680491551459293,
        "pessimistic": 0.0007680491551459293,
        "realistic": 0.0007680491551459293
      },
      "tail": {
        "optimistic": 0.0006697923643670462,
        "pessimistic": 0.0006697923643670462,
        "realistic": 0.0006697923643670462
      }
    },
    "median_rank": {
      "both": {
        "optimistic": 1381.0,
        "pessimistic": 1381.0,
        "realistic": 1381.0
      },
      "head": {
        "optimistic": 1302.0,
        "pessimistic": 1302.0,
        "realistic": 1302.0
      },
      "tail": {
        "optimistic": 1493.0,
        "pessimistic": 1493.0,
        "realistic": 1493.0
      }
    },
    "rank_mad": {
      "both": {
        "optimistic": 965.5,
        "pessimistic": 965.5,
        "realistic": 965.5
      },
      "head": {
        "optimistic": 772.0,
        "pessimistic": 772.0,
        "realistic": 772.0
      },
      "tail": {
        "optimistic": 1162.0,
        "pessimistic": 1162.0,
        "realistic": 1162.0
      }
    },
    "rank_std": {
      "both": {
        "optimistic": 2492.3000352219638,
        "pessimistic": 2492.302664062576,
        "realistic": 2492.3013495381283
      },
      "head": {
        "optimistic": 2553.9479203541987,
        "pessimistic": 2553.9479203541987,
        "realistic": 2553.9479203541987
      },
      "tail": {
        "optimistic": 2428.6474434765846,
        "pessimistic": 2428.65278270778,
        "realistic": 2428.650112879645
      }
    },
    "rank_var": {
      "both": {
        "optimistic": 6211559.465567401,
        "pessimistic": 6211572.569293412,
        "realistic": 6211566.016909575
      },
      "head": {
        "optimistic": 6522649.979881537,
        "pessimistic": 6522649.979881537,