{
  "losses": [
    0.007488379636755309,
    0.002299562038344665,
    0.002166432660029619,
    0.0021274396327466056,
    0.0021083938955635925,
    0.0020975286402726803,
    0.0020895650367828613,
    0.0020840879414523333,
    0.002080629118814661,
    0.002076894609835143,
    0.0020745130568223013,
    0.002072096944634966,
    0.0020702032634097043,
    0.002068528702336734,
    0.002067063402057257,
    0.0020649598871012986,
    0.002064127277463686,
    0.002063497602607827,
    0.0020624368354905972,
    0.00206148411286655,
    0.0020610166661552843,
    0.0020603446992299994,
    0.002059972744943864,
    0.002059139772598791,
    0.002059082018703977,
    0.0020586229066516548,
    0.0020583189923275877,
    0.0020580152697394,
    0.0020581207489559538,
    0.0020580477336035064,
    0.0020581066428691946,
    0.0020577541118065408,
    0.002058589122019261,
    0.002059068197518304,
    0.0020586122131711375,
    0.0020589682293604378,
    0.0020594318168221525,
    0.002059165507677176,
    0.0020590342696867555,
    0.0020598124447440635,
    0.0020591120482878937,
    0.002059603436439949,
    0.00205965147498348,
    0.002060740632190673,
    0.002060409435391034,
    0.0020601662185226084,
    0.002060238212305277,
    0.0020597437921929945,
    0.002060207214882896,
    0.002059767213183725
  ],
  "metrics": {
    "adjusted_arithmetic_mean_rank": {
      "both": {
        "realistic": 0.06831291067974789
      },
      "head": {
        "realistic": 0.06989477791870297
      },
      "tail": {
        "realistic": 0.06671751004343406
      }
    },
    "adjusted_arithmetic_mean_rank_index": {
      "both": {
        "realistic": 0.9317063842194879
      },
      "head": {
        "realistic": 0.9301244025209231
      },
      "tail": {
        "realistic": 0.9333019005761423
      }
    },
    "arithmetic_mean_rank": {
      "both": {
        "optimistic": 3298.6729253700155,
        "pessimistic": 3298.6743037749197,
        "realistic": 3298.6736145724676
      },
      "head": {
        "optimistic": 3389.4334546021337,
        "pessimistic": 3389.434998723937,
        "realistic": 3389.4342266630356
      },
      "tail": {
        "optimistic": 3207.912396137897,
        "pessimistic": 3207.913608825902,
        "realistic": 3207.9130024818996
      }
    },
    "geometric_mean_rank": {
      "both": {
        "optimistic": 1092.804743679898,
        "pessimistic": 1092.8055513512231,
        "realistic": 1092.805148011695
      },
      "head": {
        "optimistic": 937.1242660703115,
        "pessimistic": 937.1250206411125,
        "realistic": 937.1246437359744
      },
      "tail": {
        "optimistic": 1274.347758400365,
        "pessimistic": 1274.3486159904742,
        "realistic": 1274.348187835432
      }
    },
    "harmonic_mean_rank": {
      "both": {
        "optimistic": 73.74658183536594,
        "pessimistic": 73.74660159096567,
        "realistic": 73.74659180911904
      },
      "head": {
        "optimistic": 51.78911121328854,
        "pessimistic": 51.78911992099809,
        "realistic": 51.78911559556628
      },
      "tail": {
        "optimistic": 128.02748533370539,
        "pessimistic": 128.0275511998966,
        "realistic": 128.0275186714772
      }
    },
    "hits_at_k": {
      "both": {
        "optimistic": {
          "1": 0.003632069088959572,
          "3": 0.009961426929552762,
          "5": 0.015934086638678922,
          "10": 0.02944879219357789
        },
        "pessimistic": {
          "1": 0.003632069088959572,
          "3": 0.009961426929552762,
          "5": 0.015934086638678922,
          "10": 0.02944879219357789
        },
        "realistic": {
          "1": 0.003632069088959572,
          "3": 0.009961426929552762,
          "5": 0.015934086638678922,
          "10": 0.02944879219357789
        }
      },
      "head": {
        "optimistic": {
          "1": 0.004932111738580093,
          "3": 0.014637041452348041,
          "5": 0.024036229910572825,
          "10": 0.0454278407816014
        },
        "pessimistic": {
          "1": 0.004932111738580093,
          "3": 0.014637041452348041,
          "5": 0.024036229910572825,
          "10": 0.0454278407816014
        },
        "realistic": {
          "1": 0.004932111738580093,
          "3": 0.014637041452348041,
          "5": 0.024036229910572825,
          "10": 0.0454278407816014
        }
      },
      "tail": {
        "optimistic": {
          "1": 0.002332026439339051,
          "3": 0.005285812406757481,
          "5": 0.007831943366785023,
          "10": 0.013469743605554385
        },
        "pessimistic": {
          "1": 0.002332026439339051,
          "3": 0.005285812406757481,
          "5": 0.007831943366785023,
          "10": 0.013469743605554385
        },
        "realistic": {
          "1": 0.002332026439339051,
          "3": 0.005285812406757481,
          "5": 0.007831943366785023,
          "10": 0.013469743605554385
        }
      }
    },
    "inverse_arithmetic_mean_rank": {
      "both": {
        "optimistic": 0.0003031522138218141,
        "pessimistic": 0.000303152087144713,
        "realistic": 0.0003031521504832503
      },
      "head": {
        "optimistic": 0.000295034557661019,
        "pessimistic": 0.0002950344232523953,
        "realistic": 0.0002950344904566918
      },
      "tail": {
        "optimistic": 0.0003117292109360375,
        "pessimistic": 0.00031172909309300277,
        "realistic": 0.00031172915201450896
      }
    },
    "inverse_geometric_mean_rank": {
      "both": {
        "optimistic": 0.0009150765548771427,
        "pessimistic": 0.0009150758785618615,
        "realistic": 0.0009150762163039317
      },
      "head": {
        "optimistic": 0.0010670943397862787,
        "pessimistic": 0.001067093480564496,
        "realistic": 0.0010670939097422137
      },
      "tail": {
        "optimistic": 0.0007847151559753657,
        "pessimistic": 0.0007847146278907051,
        "realistic": 0.0007847148915388413
      }
    },
    "inverse_harmonic_mean_rank": {
      "both": {
        "optimistic": 0.013559950510417277,
        "pessimistic": 0.013559946877911525,
        "realistic": 0.013559948676521025
      },
      "head": {
        "optimistic": 0.01930907823232561,
        "pessimistic": 0.019309074985739357,
        "realistic": 0.019309076598435115
      },
      "tail": {
        "optimistic": 0.007810822788508939,
        "pessimistic": 0.007810818770083666,
        "realistic": 0.007810820754606928
      }
    },
    "inverse_median_rank": {
      "both": {
        "optimistic": 0.000651890482398957,
        "pessimistic": 0.000651890482398957,
        "realistic": 0.000651890482398957
      },
      "head": {
        "optimistic": 0.0006711409395973154,
        "pessimistic": 0.0006711409395973154,
        "realistic": 0.0006711409395973154
      },
      "tail": {
        "optimistic": 0.0006361323155216285,
        "pessimistic": 0.0006361323155216285,
        "realistic": 0.0006361323155216285
      }
    },
    "median_rank": {
      "both": {
        "optimistic": 1534.0,
        "pessimistic": 1534.0,
        "realistic": 1534.0
      },
      "head": {
        "optimistic": 1490.0,
        "pessimistic": 1490.0,
        "realistic": 1490.0
      },
      "tail": {
        "optimistic": 1572.0,
        "pessimistic": 1572.0,
        "realistic": 1572.0
      }
    },
    "rank_mad": {
      "both": {
        "optimistic": 1353.0,
        "pessimistic": 1353.0,
        "realistic": 1353.0
      },
      "head": {
        "optimistic": 1413.0,
        "pessimistic": 1413.0,
        "realistic": 1413.0
      },
      "tail": {
        "optimistic": 1297.0,
        "pessimistic": 1297.0,
        "realistic": 1297.0
      }
    },
    "rank_std": {
      "both": {
        "optimistic": 4379.373892461377,
        "pessimistic": 4379.374828205998,
        "realistic": 4379.374360294031
      },