{
  "losses": [
    0.0027591784288289573,
    0.002714591419904661,
    0.0027142947491719904,
    0.002714279943992817,
    0.002714281215897139,
    0.0027142774716480155,
    0.002714279636850351,
    0.0027142776647524373,
    0.0027142764529081522,
    0.0027142781809646513,
    0.0027142780540022953,
    0.002714276956196055,
    0.0027142774017046814,
    0.0027142791373637168,
    0.0027142764559491667,
    0.0027142779217181638,
    0.0027142758378629664,
    0.002714278011428092,
    0.002714272549005767,
    0.002714271585764419,
    0.0027142647754124093,
    0.0027142611201129607,
    0.0027142559526690435,
    0.002714251483137958,
    0.0027142500515803746,
    0.002714248972020221,
    0.0027142456307055213,
    0.0027142491126671427,
    0.0027142459127596176,
    0.0027142434305315187,
    0.0027142420445891526,
    0.0027142414181401623,
    0.002714240666249323,
    0.0027142440136460524,
    0.0027142468083383928,
    0.002714244104116234,
    0.0027142380578191218,
    0.0027142459005955596,
    0.002714246520202267,
    0.002714243444216084,
    0.0027142049753824515,
    0.0027141609863472176,
    0.0027141095103342446,
    0.002714006616847828,
    0.002713877305308054,
    0.0027137571236541115,
    0.002713688827789848,
    0.0027136252713467084,
    0.002713519981540853,
    0.0027134748665699946
  ],
  "metrics": {
    "adjusted_arithmetic_mean_rank": {
      "both": {
        "realistic": 0.9630114434796294
      },
      "head": {
        "realistic": 0.9632643575169088
      },
      "tail": {
        "realistic": 0.962758642541246
      }
    },
    "adjusted_arithmetic_mean_rank_index": {
      "both": {
        "realistic": 0.03699036390920751
      },
      "head": {
        "realistic": 0.03673743791522621
      },
      "tail": {
        "realistic": 0.037243176793420596
      }
    },
    "arithmetic_mean_rank": {
      "both": {
        "optimistic": 19709.17535772592,
        "pessimistic": 19709.17559781043,
        "realistic": 19709.175477768174
      },
      "head": {
        "optimistic": 19709.94257178527,
        "pessimistic": 19709.94285988668,
        "realistic": 19709.942715835976
      },
      "tail": {
        "optimistic": 19708.40814366657,
        "pessimistic": 19708.408335734177,
        "realistic": 19708.408239700373
      }
    },
    "geometric_mean_rank": {
      "both": {
        "optimistic": 11972.846910503158,
        "pessimistic": 11972.847056219025,
        "realistic": 11972.846983362368
      },
      "head": {
        "optimistic": 11956.013145936713,
        "pessimistic": 11956.013352851856,
        "realistic": 11956.01324939643
      },
      "tail": {
        "optimistic": 11989.704376584965,
        "pessimistic": 11989.70446092881,
        "realistic": 11989.704418757314
      }
    },
    "harmonic_mean_rank": {
      "both": {
        "optimistic": 53.330345125638615,
        "pessimistic": 53.33034512806752,
        "realistic": 53.330345126853125
      },
      "head": {
        "optimistic": 53.720358463450175,
        "pessimistic": 53.7203584675827,
        "realistic": 53.72035846551655
      },
      "tail": {
        "optimistic": 52.94595401508616,
        "pessimistic": 52.945954015859954,
        "realistic": 52.94595401547306
      }
    },
    "hits_at_k": {
      "both": {
        "optimistic": {
          "1": 0.017334101603764526,
          "3": 0.01944684528954192,
          "5": 0.019927014309036782,
          "10": 0.02069528474022856
        },
        "pessimistic": {
          "1": 0.017334101603764526,
          "3": 0.01944684528954192,
          "5": 0.019927014309036782,
          "10": 0.02069528474022856
        },
        "realistic": {
          "1": 0.017334101603764526,
          "3": 0.01944684528954192,
          "5": 0.019927014309036782,
          "10": 0.02069528474022856
        }
      },
      "head": {
        "optimistic": {
          "1": 0.017094017094017096,
          "3": 0.019398828387592434,
          "5": 0.019975031210986267,
          "10": 0.020647267838279075
        },
        "pessimistic": {
          "1": 0.017094017094017096,
          "3": 0.019398828387592434,
          "5": 0.019975031210986267,
          "10": 0.020647267838279075
        },
        "realistic": {
          "1": 0.017094017094017096,
          "3": 0.019398828387592434,
          "5": 0.019975031210986267,
          "10": 0.020647267838279075
        }
      },
      "tail": {
        "optimistic": {
          "1": 0.017574186113511955,
          "3": 0.019494862191491404,
          "5": 0.019878997407087293,
          "10": 0.020743301642178046
        },
        "pessimistic": {
          "1": 0.017574186113511955,
          "3": 0.019494862191491404,
          "5": 0.019878997407087293,
          "10": 0.020743301642178046
        },
        "realistic": {
          "1": 0.017574186113511955,
          "3": 0.019494862191491404,
          "5": 0.019878997407087293,
          "10": 0.020743301642178046
        }
      }
    },
    "inverse_arithmetic_mean_rank": {
      "both": {
        "optimistic": 5.073778998105083e-05,
        "pessimistic": 5.0737789362995675e-05,
        "realistic": 5.073778967202325e-05
      },
      "head": {
        "optimistic": 5.0735815000876636e-05,
        "pessimistic": 5.0735814259268194e-05,
        "realistic": 5.073581463007241e-05
      },
      "tail": {
        "optimistic": 5.073976511499011e-05,
        "pessimistic": 5.07397646205075e-05,
        "realistic": 5.0739764867748805e-05
      }
    },
    "inverse_geometric_mean_rank": {
      "both": {
        "optimistic": 8.352232409509487e-05,
        "pessimistic": 8.35223230785841e-05,
        "realistic": 8.352232358683058e-05
      },
      "head": {
        "optimistic": 8.363992141810692e-05,
        "pessimistic": 8.363991997060382e-05,
        "realistic": 8.363992069434036e-05
      },
      "tail": {
        "optimistic": 8.340489211334755e-05,
        "pessimistic": 8.340489152662006e-05,
        "realistic": 8.340489181998084e-05
      }
    },
    "inverse_harmonic_mean_rank": {
      "both": {
        "optimistic": 0.018751050600631668,
        "pessimistic": 0.01875105059977766,
        "realistic": 0.01875105060020464
      },
      "head": {
        "optimistic": 0.018614916739253928,
        "pessimistic": 0.018614916737821945,
        "realistic": 0.018614916738537896
      },
      "tail": {
        "optimistic": 0.01888718446200941,
        "pessimistic": 0.018887184461733375,
        "realistic": 0.01888718446187139
      }
    },
    "inverse_median_rank": {
      "both": {
        "optimistic": 5.0591925528685624e-05,
        "pessimistic": 5.0591925528685624e-05,
        "realistic": 5.0591925528685624e-05
      },
      "head": {
        "optimistic": 5.056890012642225e-05,
        "pessimistic": 5.056890012642225e-05,
        "realistic": 5.056890012642225e-05
      },
      "tail": {
        "optimistic": 5.060728744939271e-05,
        "pessimistic": 5.060728744939271e-05,
        "realistic": 5.060728744939271e-05
      }
    },
    "median_rank": {
      "both": {
        "optimistic": 19766.0,
        "pessimistic": 19766.0,
        "realistic": 19766.0
      },
      "head": {
        "optimistic": 19775.0,
        "pessimistic": 19775.0,
        "realistic": 19775.0
      },
      "tail": {
        "optimistic": 19760.0,
        "pessimistic": 19760.0,
        "realistic": 19760.0
      }
    },
    "rank_mad": {
      "both": {
        "optimistic": 10481.5,
        "pessimistic": 10481.5,
        "realistic": 10481.5
      },
      "head": {
        "optimistic": 10499.0,
        "pessimistic": 10499.0,
        "realistic": 10499.0
      },
      "tail": {
        "optimistic": 10467.0,
        "pessimistic": 10467.0,
        "realistic": 10467.0
      }
    },
    "rank_std": {
      "both": {
        "optimistic": 12045.407257642946,
        "pessimistic": 12045.407369980052,