{
  "losses": [
    0.0027328304802882977,
    0.002709648464707222,
    0.002709514206157422,
    0.002709488251748023,
    0.0027094815681874104,
    0.002709473052591561,
    0.0027094497177715675,
    0.0027093953794626448,
    0.0027093152819022692,
    0.0027092678880745414,
    0.0027087663678291686,
    0.0027066551337226854,
    0.0026976330151409185,
    0.0026887353878930396,
    0.0026844414750982217,
    0.0026817065428195674,
    0.0026792842096405524,
    0.002676749738918528,
    0.002674586945839824,
    0.0026724747173064245,
    0.0026703997940265294,
    0.00266802756159317,
    0.0026650764451627844,
    0.0026620682427699873,
    0.0026595846094948977,
    0.002657854106443481,
    0.0026562658266757896,
    0.002655312750613006,
    0.002652974430400588,
    0.002651039319018987,
    0.002648029694076521,
    0.002643592852979913,
    0.002640149463542619,
    0.0026346606984840033,
    0.0026289511823647145,
    0.0026286202517303873,
    0.002627048260595715,
    0.0026254760484772837,
    0.0026225511343308514,
    0.0026203322441254976,
    0.0026186912384315894,
    0.002617883842317767,
    0.0026184327875415905,
    0.0026189379982157427,
    0.0026181730144764727,
    0.002615548479826531,
    0.002615021389364005,
    0.0026150849717164466,
    0.0026117332508686563,
    0.002609517891877277
  ],
  "metrics": {
    "adjusted_arithmetic_mean_rank": {
      "both": {
        "realistic": 0.5990673156402427
      },
      "head": {
        "realistic": 0.614162989806322
      },
      "tail": {
        "realistic": 0.584243116385726
      }
    },
    "adjusted_arithmetic_mean_rank_index": {
      "both": {
        "realistic": 0.4009884592569427
      },
      "head": {
        "realistic": 0.38589117663026895
      },
      "tail": {
        "realistic": 0.4158142006160911
      }
    },
    "arithmetic_mean_rank": {
      "both": {
        "optimistic": 4306.938366943007,
        "pessimistic": 4306.939632375606,
        "realistic": 4306.938999659306
      },
      "head": {
        "optimistic": 4375.403965022145,
        "pessimistic": 4375.405344019208,
        "realistic": 4375.404654520677
      },
      "tail": {
        "optimistic": 4238.472768863869,
        "pessimistic": 4238.473920732004,
        "realistic": 4238.473344797936
      }
    },
    "geometric_mean_rank": {
      "both": {
        "optimistic": 923.9363937033027,
        "pessimistic": 923.9368035026412,
        "realistic": 923.9365987366681
      },
      "head": {
        "optimistic": 1159.960960758587,
        "pessimistic": 1159.9614384136594,
        "realistic": 1159.9611996368972
      },
      "tail": {
        "optimistic": 735.937232793757,
        "pessimistic": 735.9375825752684,
        "realistic": 735.9374078652829
      }
    },
    "harmonic_mean_rank": {
      "both": {
        "optimistic": 18.31900235167825,
        "pessimistic": 18.319002740226548,
        "realistic": 18.31900254677679
      },
      "head": {
        "optimistic": 27.31951684939456,
        "pessimistic": 27.319517110866002,
        "realistic": 27.319516980281417
      },
      "tail": {
        "optimistic": 13.77934640605928,
        "pessimistic": 13.779346779213645,
        "realistic": 13.779346593530873
      }
    },
    "hits_at_k": {
      "both": {
        "optimistic": {
          "1": 0.02998101851100764,
          "3": 0.0577069712357436,
          "5": 0.07442528269439802,
          "10": 0.1025324875484677
        },
        "pessimistic": {
          "1": 0.02998101851100764,
          "3": 0.0577069712357436,
          "5": 0.07442528269439802,
          "10": 0.1025324875484677
        },
        "realistic": {
          "1": 0.02998101851100764,
          "3": 0.0577069712357436,
          "5": 0.07442528269439802,
          "10": 0.1025324875484677
        }
      },
      "head": {
        "optimistic": {
          "1": 0.01817031424909554,
          "3": 0.03655153393143951,
          "5": 0.04888139002904006,
          "10": 0.07157805934554422
        },
        "pessimistic": {
          "1": 0.01817031424909554,
          "3": 0.03655153393143951,
          "5": 0.04888139002904006,
          "10": 0.07157805934554422
        },
        "realistic": {
          "1": 0.01817031424909554,
          "3": 0.03655153393143951,
          "5": 0.04888139002904006,
          "10": 0.07157805934554422
        }
      },
      "tail": {
        "optimistic": {
          "1": 0.041791722772919745,
          "3": 0.0788624085400477,
          "5": 0.099969175359756,
          "10": 0.13348691575139116
        },
        "pessimistic": {
          "1": 0.041791722772919745,
          "3": 0.0788624085400477,
          "5": 0.099969175359756,
          "10": 0.13348691575139116
        },
        "realistic": {
          "1": 0.041791722772919745,
          "3": 0.0788624085400477,
          "5": 0.099969175359756,
          "10": 0.13348691575139116
        }
      }
    },
    "inverse_arithmetic_mean_rank": {
      "both": {
        "optimistic": 0.0002321834943530393,
        "pessimistic": 0.00023218342613463185,
        "realistic": 0.00023218346024383058
      },
      "head": {
        "optimistic": 0.00022855032540862517,
        "pessimistic": 0.0002285502533763898,
        "realistic": 0.0002285502893925018
      },
      "tail": {
        "optimistic": 0.00023593403910627273,
        "pessimistic": 0.00023593397498769918,
        "realistic": 0.00023593400704698163
      }
    },
    "inverse_geometric_mean_rank": {
      "both": {
        "optimistic": 0.0010823255873619404,
        "pessimistic": 0.0010823251073114562,
        "realistic": 0.0010823253471800296
      },
      "head": {
        "optimistic": 0.0008620979790095899,
        "pessimistic": 0.0008620976240103123,
        "realistic": 0.0008620978014721787
      },
      "tail": {
        "optimistic": 0.0013588115337007896,
        "pessimistic": 0.0013588108878754327,
        "realistic": 0.0013588112104542661
      }
    },
    "inverse_harmonic_mean_rank": {
      "both": {
        "optimistic": 0.05458812553230485,
        "pessimistic": 0.054588124374484,
        "realistic": 0.054588124950937844
      },
      "head": {
        "optimistic": 0.03660386841805226,
        "pessimistic": 0.03660386806772153,
        "realistic": 0.03660386824268439
      },
      "tail": {
        "optimistic": 0.07257238264655742,
        "pessimistic": 0.07257238068124647,
        "realistic": 0.0725723816591913
      }
    },
    "inverse_median_rank": {
      "both": {
        "optimistic": 0.00032299741602067185,
        "pessimistic": 0.00032299741602067185,
        "realistic": 0.00032299741602067185
      },
      "head": {
        "optimistic": 0.0003154574132492114,
        "pessimistic": 0.0003154574132492114,
        "realistic": 0.0003154574132492114
      },
      "tail": {
        "optimistic": 0.0003325573661456601,
        "pessimistic": 0.0003325573661456601,
        "realistic": 0.0003325573661456601
      }
    },
    "median_rank": {
      "both": {
        "optimistic": 3096.0,
        "pessimistic": 3096.0,
        "realistic": 3096.0
      },
      "head": {
        "optimistic": 3170.0,
        "pessimistic": 3170.0,
        "realistic": 3170.0
      },
      "tail": {
        "optimistic": 3007.0,
        "pessimistic": 3007.0,
        "realistic": 3007.0
      }
    },
    "rank_mad": {
      "both": {
        "optimistic": 3051.0,
        "pessimistic": 3051.0,
        "realistic": 3051.0
      },
      "head": {
        "optimistic": 3082.0,
        "pessimistic": 3082.0,
        "realistic": 3082.0
      },
      "tail": {
        "optimistic": 2986.0,
        "pessimistic": 2986.0,
        "realistic": 2986.0
      }
    },
    "rank_std": {
      "both": {
        "optimistic": 4300.099704968385,
        "pessimistic": 4300.100214577101,
        "realistic": 4300.099959736011
      },
      "head": {
        "optimistic": 4235.325136631566,