{
  "losses": [
    0.015212776221474898,
    0.012176580640793832,
    0.009661967394884225,
    0.007877965835516304,
    0.006672796423665402,
    0.0058395144204031555,
    0.005242002946518904,
    0.004797255326318291,
    0.00445189605617558,
    0.0041706420999663785,
    0.0039314309612023,
    0.0037165878898792336,
    0.003515187737760575,
    0.0033231584499259256,
    0.003135799196485619,
    0.0029561367839693845,
    0.0027868129428924855,
    0.002643103740071984,
    0.0025534313966499513,
    0.0025037011848761106,
    0.002476991242012703,
    0.002460689752038726,
    0.0024500033886348626,
    0.002443803326086795,
    0.002437831589678449,
    0.002435093757797398,
    0.0024315558639493875,
    0.0024297403416454993,
    0.002428693693275256,
    0.00242628825283244,
    0.0024255146191785185,
    0.002423867854266489,
    0.0024235829501624315,
    0.00242179454639861,
    0.0024214879921008355,
    0.0024220815133735455,
    0.0024209022057866134,
    0.0024210293950047935,
    0.0024208112065886318,
    0.0024199113321309727,
    0.0024197369875875036,
    0.0024197120664941865,
    0.0024192671864493756,
    0.002418867448724143,
    0.0024190562634030166,
    0.002419218192496262,
    0.002419198090225459,
    0.0024186011711372886,
    0.0024182368415854917,
    0.0024188223778228986
  ],
  "metrics": {
    "adjusted_arithmetic_mean_rank": {
      "both": {
        "realistic": 0.10610200740403346
      },
      "head": {
        "realistic": 0.18605515285632185
      },
      "tail": {
        "realistic": 0.02839623117037596
      }
    },
    "adjusted_arithmetic_mean_rank_index": {
      "both": {
        "realistic": 0.8939127139914306
      },
      "head": {
        "realistic": 0.8139584456545249
      },
      "tail": {
        "realistic": 0.9716195450552861
      }
    },
    "arithmetic_mean_rank": {
      "both": {
        "optimistic": 6442.725995388236,
        "pessimistic": 6442.728190000899,
        "realistic": 6442.727092694568
      },
      "head": {
        "optimistic": 11136.597356048087,
        "pessimistic": 11136.600750950525,
        "realistic": 11136.599053499307
      },
      "tail": {
        "optimistic": 1748.854634728384,
        "pessimistic": 1748.8556290512738,
        "realistic": 1748.855131889829
      }
    },
    "geometric_mean_rank": {
      "both": {
        "optimistic": 1191.7052501258868,
        "pessimistic": 1191.7061707036896,
        "realistic": 1191.705711565982
      },
      "head": {
        "optimistic": 4633.073570053324,
        "pessimistic": 4633.075836870075,
        "realistic": 4633.074703623556
      },
      "tail": {
        "optimistic": 306.5268404881491,
        "pessimistic": 306.5271640907692,
        "realistic": 306.52700287095826
      }
    },
    "harmonic_mean_rank": {
      "both": {
        "optimistic": 25.8513140605706,
        "pessimistic": 25.851319226181463,
        "realistic": 25.851316681305846
      },
      "head": {
        "optimistic": 254.46383377382222,
        "pessimistic": 254.4638518824043,
        "realistic": 254.46384283592087
      },
      "tail": {
        "optimistic": 13.61735973300943,
        "pessimistic": 13.617362547785213,
        "realistic": 13.617361161423952
      }
    },
    "hits_at_k": {
      "both": {
        "optimistic": {
          "1": 0.02559671210564444,
          "3": 0.04013039834468913,
          "5": 0.045156463809014245,
          "10": 0.05539088726745865
        },
        "pessimistic": {
          "1": 0.02559671210564444,
          "3": 0.04013039834468913,
          "5": 0.045156463809014245,
          "10": 0.05539088726745865
        },
        "realistic": {
          "1": 0.02559671210564444,
          "3": 0.04013039834468913,
          "5": 0.045156463809014245,
          "10": 0.05539088726745865
        }
      },
      "head": {
        "optimistic": {
          "1": 0.0006439424429092941,
          "3": 0.002959294314840506,
          "5": 0.004834303192723451,
          "10": 0.008380721499628313
        },
        "pessimistic": {
          "1": 0.0006439424429092941,
          "3": 0.002959294314840506,
          "5": 0.004834303192723451,
          "10": 0.008380721499628313
        },
        "realistic": {
          "1": 0.0006439424429092941,
          "3": 0.002959294314840506,
          "5": 0.004834303192723451,
          "10": 0.008380721499628313
        }
      },
      "tail": {
        "optimistic": {
          "1": 0.05054948176837958,
          "3": 0.07730150237453776,
          "5": 0.08547862442530504,
          "10": 0.102401053035289
        },
        "pessimistic": {
          "1": 0.05054948176837958,
          "3": 0.07730150237453776,
          "5": 0.08547862442530504,
          "10": 0.102401053035289
        },
        "realistic": {
          "1": 0.05054948176837958,
          "3": 0.07730150237453776,
          "5": 0.08547862442530504,
          "10": 0.102401053035289
        }
      }
    },
    "inverse_arithmetic_mean_rank": {
      "both": {
        "optimistic": 0.0001552138024674353,
        "pessimistic": 0.00015521374959632752,
        "realistic": 0.0001552137760318769
      },
      "head": {
        "optimistic": 8.979403385334012e-05,
        "pessimistic": 8.9794006480357e-05,
        "realistic": 8.979402016684647e-05
      },
      "tail": {
        "optimistic": 0.0005718028131911093,
        "pessimistic": 0.0005718024880890162,
        "realistic": 0.0005718026506400166
      }
    },
    "inverse_geometric_mean_rank": {
      "both": {
        "optimistic": 0.0008391336699191047,
        "pessimistic": 0.0008391330216990575,
        "realistic": 0.0008391333449983488
      },
      "head": {
        "optimistic": 0.00021583943895552916,
        "pessimistic": 0.00021583933335215182,
        "realistic": 0.00021583938614628723
      },
      "tail": {
        "optimistic": 0.0032623570529989585,
        "pessimistic": 0.0032623536089084713,
        "realistic": 0.003262355324763933
      }
    },
    "inverse_harmonic_mean_rank": {
      "both": {
        "optimistic": 0.0386827531342106,
        "pessimistic": 0.03868274540462249,
        "realistic": 0.03868274921265969
      },
      "head": {
        "optimistic": 0.003929831540967981,
        "pessimistic": 0.003929831261306738,
        "realistic": 0.003929831401016778
      },
      "tail": {
        "optimistic": 0.07343567472745324,
        "pessimistic": 0.07343565954793826,
        "realistic": 0.07343566702430261
      }
    },
    "inverse_median_rank": {
      "both": {
        "optimistic": 0.00055005500550055,
        "pessimistic": 0.00055005500550055,
        "realistic": 0.00055005500550055
      },
      "head": {
        "optimistic": 0.00014450867052023122,
        "pessimistic": 0.00014450867052023122,
        "realistic": 0.00014450867052023122
      },
      "tail": {
        "optimistic": 0.002288329519450801,
        "pessimistic": 0.002288329519450801,
        "realistic": 0.002288329519450801
      }
    },
    "median_rank": {
      "both": {
        "optimistic": 1818.0,
        "pessimistic": 1818.0,
        "realistic": 1818.0
      },
      "head": {
        "optimistic": 6920.0,
        "pessimistic": 6920.0,
        "realistic": 6920.0
      },
      "tail": {
        "optimistic": 437.0,
        "pessimistic": 437.0,
        "realistic": 437.0
      }
    },
    "rank_mad": {
      "both": {
        "optimistic": 1768.0,
        "pessimistic": 1768.0,
        "realistic": 1768.0
      },
      "head": {
        "optimistic": 5763.0,
        "pessimistic": 5763.0,
        "realistic": 5763.0
      },
      "tail": {
        "optimistic": 418.0,
        "pessimistic": 418.0,
        "realistic": 418.0
      }
    },
    "rank_std": {
      "both": {
        "optimistic": 10324.948289306903,
        "pessimistic": 10324.950268312094,
        "realistic": 10324.949278782979
      },