{
  "losses": [
    0.016029218628949925,
    0.014101735910299054,
    0.013232700475557082,
    0.012548530073962477,
    0.011897974819765433,
    0.011272334512110814,
    0.010690080244599498,
    0.010161549831563556,
    0.009682851775106879,
    0.00924326041787237,
    0.008832854508129838,
    0.00844761739293064,
    0.00808519470907038,
    0.007744270909206842,
    0.0074238576203074095,
    0.007123405424310926,
    0.006842506678054654,
    0.006581019358701383,
    0.006338758801120208,
    0.006114103968767601,
    0.005905134171996464,
    0.0057115071487859066,
    0.00553118792242006,
    0.005364261384916563,
    0.005208860935429622,
    0.00506440250804111,
    0.00492926733897977,
    0.004804089356880094,
    0.0046862080354514455,
    0.004575987604727516,
    0.004472369979551717,
    0.0043761521496380835,
    0.004285253242575068,
    0.004199266978863294,
    0.004117939364281537,
    0.004040222904315178,
    0.003966937062104744,
    0.003895573978082044,
    0.0038302793859458033,
    0.003766832073707039,
    0.0037061764354602822,
    0.003647031202990805,
    0.003592001441383146,
    0.003539261326981532,
    0.003488067420083168,
    0.0034387459644325,
    0.003390423570201521,
    0.0033463796093721214,
    0.0033021612005562444,
    0.003258787636820153
  ],
  "metrics": {
    "adjusted_arithmetic_mean_rank": {
      "both": {
        "realistic": 0.49090568462460044
      },
      "head": {
        "realistic": 0.7717557349760614
      },
      "tail": {
        "realistic": 0.28653053921476396
      }
    },
    "adjusted_arithmetic_mean_rank_index": {
      "both": {
        "realistic": 0.5091441767482046
      },
      "head": {
        "realistic": 0.22827080246761144
      },
      "tail": {
        "realistic": 0.7135298242866519
      }
    },
    "arithmetic_mean_rank": {
      "both": {
        "optimistic": 5012.732424223249,
        "pessimistic": 5012.734449155224,
        "realistic": 5012.733436689236
      },
      "head": {
        "optimistic": 6638.5170537239765,
        "pessimistic": 6638.5192052142,
        "realistic": 6638.518129469088
      },
      "tail": {
        "optimistic": 3386.947794722521,
        "pessimistic": 3386.9496930962478,
        "realistic": 3386.948743909384
      }
    },
    "geometric_mean_rank": {
      "both": {
        "optimistic": 444.49476722575764,
        "pessimistic": 444.49489088894074,
        "realistic": 444.49482906118385
      },
      "head": {
        "optimistic": 2020.6461573062095,
        "pessimistic": 2020.6468174764789,
        "realistic": 2020.6464874147002
      },
      "tail": {
        "optimistic": 97.77842467702266,
        "pessimistic": 97.77844713759404,
        "realistic": 97.77843590786512
      }
    },
    "harmonic_mean_rank": {
      "both": {
        "optimistic": 15.35178164655595,
        "pessimistic": 15.351781662838182,
        "realistic": 15.35178165469869
      },
      "head": {
        "optimistic": 105.17189990955306,
        "pessimistic": 105.17190093349694,
        "realistic": 105.17190042163857
      },
      "tail": {
        "optimistic": 8.28021607190169,
        "pessimistic": 8.280216075028296,
        "realistic": 8.280216073465233
      }
    },
    "hits_at_k": {
      "both": {
        "optimistic": {
          "1": 0.02186293741694615,
          "3": 0.061602227425172434,
          "5": 0.09618426880971967,
          "10": 0.16493703727140416
        },
        "pessimistic": {
          "1": 0.02186293741694615,
          "3": 0.061602227425172434,
          "5": 0.09618426880971967,
          "10": 0.16493703727140416
        },
        "realistic": {
          "1": 0.02186293741694615,
          "3": 0.061602227425172434,
          "5": 0.09618426880971967,
          "10": 0.16493703727140416
        }
      },
      "head": {
        "optimistic": {
          "1": 0.002657723217110675,
          "3": 0.007466936657596659,
          "5": 0.01056761374422578,
          "10": 0.017654875656520914
        },
        "pessimistic": {
          "1": 0.002657723217110675,
          "3": 0.007466936657596659,
          "5": 0.01056761374422578,
          "10": 0.017654875656520914
        },
        "realistic": {
          "1": 0.002657723217110675,
          "3": 0.007466936657596659,
          "5": 0.01056761374422578,
          "10": 0.017654875656520914
        }
      },
      "tail": {
        "optimistic": {
          "1": 0.04106815161678162,
          "3": 0.11573751819274822,
          "5": 0.18180092387521357,
          "10": 0.3122191988862874
        },
        "pessimistic": {
          "1": 0.04106815161678162,
          "3": 0.11573751819274822,
          "5": 0.18180092387521357,
          "10": 0.3122191988862874
        },
        "realistic": {
          "1": 0.04106815161678162,
          "3": 0.11573751819274822,
          "5": 0.18180092387521357,
          "10": 0.3122191988862874
        }
      }
    },
    "inverse_arithmetic_mean_rank": {
      "both": {
        "optimistic": 0.00019949199665389195,
        "pessimistic": 0.0001994919160675918,
        "realistic": 0.00019949195636073373
      },
      "head": {
        "optimistic": 0.00015063605198378376,
        "pessimistic": 0.00015063600316386126,
        "realistic": 0.00015063602757381855
      },
      "tail": {
        "optimistic": 0.00029525108168427676,
        "pessimistic": 0.0002952509161970546,
        "realistic": 0.0002952509989406425
      }
    },
    "inverse_geometric_mean_rank": {
      "both": {
        "optimistic": 0.0022497452697617538,
        "pessimistic": 0.002249744643858809,
        "realistic": 0.002249744956790829
      },
      "head": {
        "optimistic": 0.0004948911992256642,
        "pessimistic": 0.0004948910375385977,
        "realistic": 0.0004948911183763974
      },
      "tail": {
        "optimistic": 0.01022720506393057,
        "pessimistic": 0.010227202714651398,
        "realistic": 0.010227203889232614
      }
    },
    "inverse_harmonic_mean_rank": {
      "both": {
        "optimistic": 0.06513901923718034,
        "pessimistic": 0.06513901916809332,
        "realistic": 0.06513901920262993
      },
      "head": {
        "optimistic": 0.009508243179594469,
        "pessimistic": 0.009508243087023095,
        "realistic": 0.009508243133298514
      },
      "tail": {
        "optimistic": 0.12076979529476618,
        "pessimistic": 0.12076979524916356,
        "realistic": 0.12076979527196136
      }
    },
    "inverse_median_rank": {
      "both": {
        "optimistic": 0.001184834123222749,
        "pessimistic": 0.001184834123222749,
        "realistic": 0.001184834123222749
      },
      "head": {
        "optimistic": 0.000292654375182909,
        "pessimistic": 0.000292654375182909,
        "realistic": 0.000292654375182909
      },
      "tail": {
        "optimistic": 0.043478260869565216,
        "pessimistic": 0.043478260869565216,
        "realistic": 0.043478260869565216
      }
    },
    "median_rank": {
      "both": {
        "optimistic": 844.0,
        "pessimistic": 844.0,
        "realistic": 844.0
      },
      "head": {
        "optimistic": 3417.0,
        "pessimistic": 3417.0,
        "realistic": 3417.0
      },
      "tail": {
        "optimistic": 23.0,
        "pessimistic": 23.0,
        "realistic": 23.0
      }
    },
    "rank_mad": {
      "both": {
        "optimistic": 839.0,
        "pessimistic": 839.0,
        "realistic": 839.0
      },
      "head": {
        "optimistic": 3330.0,
        "pessimistic": 3330.0,
        "realistic": 3330.0
      },
      "tail": {
        "optimistic": 21.0,
        "pessimistic": 21.0,
        "realistic": 21.0
      }
    },
    "rank_std": {
      "both": {
        "optimistic": 6718.742016088136,
        "pessimistic": 6718.743823765934,
        "realistic": 6718.7429198895
      },
      "head": {
        "optimistic": 6920.349802163462,