{
  "losses": [
    0.31684927405393026,
    0.2703767639042163,
    0.25584448636448326,
    0.24306655196172144,
    0.23085471029226307,
    0.21826217409277207,
    0.20499573120092776,
    0.1910689186679547,
    0.17639133831507586,
    0.16174908031440483,
    0.14701399947156843,
    0.13271173477554296,
    0.1189725273299651,
    0.10570511849401283,
    0.09331035172809768,
    0.08155463146023827,
    0.07089772084245491,
    0.06099751376285607,
    0.052202964479085186,
    0.04446233885819559,
    0.03771365599094745,
    0.03174042649908341,
    0.026765338383263868,
    0.022464159985922407,
    0.018898428812733285,
    0.015936952793997896,
    0.013529081143074755,
    0.011543239290639088,
    0.009946857465997425,
    0.008644931084807256,
    0.007580141652131842,
    0.006727937256270317,
    0.006025893744941744,
    0.005463238616250657,
    0.005010674119146655,
    0.004633080281461766,
    0.004336146241577059,
    0.004100526291468519,
    0.003914969815038759,
    0.0037679620150224136,
    0.0036509723220218954,
    0.0035591330498697346,
    0.003485306384014961,
    0.003430254676645418,
    0.003385184284178672,
    0.003351843840248958,
    0.003323263446852872,
    0.0032975026237417097,
    0.0032798178211370078,
    0.0032650265262314624
  ],
  "metrics": {
    "adjusted_arithmetic_mean_rank": {
      "both": {
        "realistic": 0.6491920009026353
      },
      "head": {
        "realistic": 0.9063170719959401
      },
      "tail": {
        "realistic": 0.4620815705236957
      }
    },
    "adjusted_arithmetic_mean_rank_index": {
      "both": {
        "realistic": 0.35084235769831096
      },
      "head": {
        "realistic": 0.09369382030588735
      },
      "tail": {
        "realistic": 0.5379639403799437
      }
    },
    "arithmetic_mean_rank": {
      "both": {
        "optimistic": 6629.024552300196,
        "pessimistic": 6629.027051825603,
        "realistic": 6629.0258020629
      },
      "head": {
        "optimistic": 7795.991773713852,
        "pessimistic": 7795.994241599697,
        "realistic": 7795.993007656774
      },
      "tail": {
        "optimistic": 5462.0573308865405,
        "pessimistic": 5462.059862051509,
        "realistic": 5462.058596469024
      }
    },
    "geometric_mean_rank": {
      "both": {
        "optimistic": 2352.320585351366,
        "pessimistic": 2352.322259790947,
        "realistic": 2352.3214227252756
      },
      "head": {
        "optimistic": 4009.5067630478848,
        "pessimistic": 4009.5088143408993,
        "realistic": 4009.5077888013093
      },
      "tail": {
        "optimistic": 1380.073027252231,
        "pessimistic": 1380.0742859365907,
        "realistic": 1380.073656738434
      }
    },
    "harmonic_mean_rank": {
      "both": {
        "optimistic": 194.88008819863762,
        "pessimistic": 194.88010795236883,
        "realistic": 194.88009808127686
      },
      "head": {
        "optimistic": 879.9067196050986,
        "pessimistic": 879.9068849690395,
        "realistic": 879.9068023121059
      },
      "tail": {
        "optimistic": 109.57418666576102,
        "pessimistic": 109.57419659132157,
        "realistic": 109.5741916318036
      }
    },
    "hits_at_k": {
      "both": {
        "optimistic": {
          "1": 0.0,
          "3": 0.002499525406568373,
          "5": 0.005220527747895969,
          "10": 0.01059925330633424
        },
        "pessimistic": {
          "1": 0.0,
          "3": 0.002499525406568373,
          "5": 0.005220527747895969,
          "10": 0.01059925330633424
        },
        "realistic": {
          "1": 0.0,
          "3": 0.002499525406568373,
          "5": 0.005220527747895969,
          "10": 0.01059925330633424
        }
      },
      "head": {
        "optimistic": {
          "1": 0.0,
          "3": 0.0003163956210846042,
          "5": 0.000379674745301525,
          "10": 0.00075934949060305
        },
        "pessimistic": {
          "1": 0.0,
          "3": 0.0003163956210846042,
          "5": 0.000379674745301525,
          "10": 0.00075934949060305
        },
        "realistic": {
          "1": 0.0,
          "3": 0.0003163956210846042,
          "5": 0.000379674745301525,
          "10": 0.00075934949060305
        }
      },
      "tail": {
        "optimistic": {
          "1": 0.0,
          "3": 0.004682655192052142,
          "5": 0.010061380750490413,
          "10": 0.02043915712206543
        },
        "pessimistic": {
          "1": 0.0,
          "3": 0.004682655192052142,
          "5": 0.010061380750490413,
          "10": 0.02043915712206543
        },
        "realistic": {
          "1": 0.0,
          "3": 0.004682655192052142,
          "5": 0.010061380750490413,
          "10": 0.02043915712206543
        }
      }
    },
    "inverse_arithmetic_mean_rank": {
      "both": {
        "optimistic": 0.00015085175686263094,
        "pessimistic": 0.00015085169998282097,
        "realistic": 0.00015085172842272058
      },
      "head": {
        "optimistic": 0.00012827104350876197,
        "pessimistic": 0.00012827100290351232,
        "realistic": 0.00012827102320613393
      },
      "tail": {
        "optimistic": 0.0001830811980579653,
        "pessimistic": 0.0001830811132165819,
        "realistic": 0.00018308115563726377
      }
    },
    "inverse_geometric_mean_rank": {
      "both": {
        "optimistic": 0.00042511212384371074,
        "pessimistic": 0.0004251118212386728,
        "realistic": 0.0004251119725132855
      },
      "head": {
        "optimistic": 0.00024940723612593076,
        "pessimistic": 0.00024940710852742803,
        "realistic": 0.0002494071723200124
      },
      "tail": {
        "optimistic": 0.0007245993365952754,
        "pessimistic": 0.0007245986757309572,
        "realistic": 0.0007245990060873471
      }
    },
    "inverse_harmonic_mean_rank": {
      "both": {
        "optimistic": 0.005131360567636437,
        "pessimistic": 0.005131360047503733,
        "realistic": 0.005131360307418047
      },
      "head": {
        "optimistic": 0.0011364841041886795,
        "pessimistic": 0.0011364838906052952,
        "realistic": 0.0011364839973646399
      },
      "tail": {
        "optimistic": 0.009126237031084193,
        "pessimistic": 0.009126236204402172,
        "realistic": 0.009126236617471452
      }
    },
    "inverse_median_rank": {
      "both": {
        "optimistic": 0.0003307972213033411,
        "pessimistic": 0.0003307972213033411,
        "realistic": 0.0003307972213033411
      },
      "head": {
        "optimistic": 0.00020048115477145148,
        "pessimistic": 0.00020048115477145148,
        "realistic": 0.00020048115477145148
      },
      "tail": {
        "optimistic": 0.0005165289256198347,
        "pessimistic": 0.0005165289256198347,
        "realistic": 0.0005165289256198347
      }
    },
    "median_rank": {
      "both": {
        "optimistic": 3023.0,
        "pessimistic": 3023.0,
        "realistic": 3023.0
      },
      "head": {
        "optimistic": 4988.0,
        "pessimistic": 4988.0,
        "realistic": 4988.0
      },
      "tail": {
        "optimistic": 1936.0,
        "pessimistic": 1936.0,
        "realistic": 1936.0
      }
    },
    "rank_mad": {
      "both": {
        "optimistic": 2862.0,
        "pessimistic": 2862.0,
        "realistic": 2862.0
      },
      "head": {
        "optimistic": 4188.0,
        "pessimistic": 4188.0,
        "realistic": 4188.0
      },
      "tail": {
        "optimistic": 1870.0,
        "pessimistic": 1870.0,
        "realistic": 1870.0
      }
    },
    "rank_std": {
      "both": {
        "optimistic": 7057.34044184474,
        "pessimistic": 7057.3409416981685,
        "realistic": 7057.340691726176
      },
      "head": {
        "optimistic": 7113.955849691277,
        "pessimistic": 7113.956364811545,
        "realistic": 7113.95610720816
      },