{
  "losses": [
    0.01682625842483445,
    0.014774681590253422,
    0.013836240179425403,
    0.013157438780167702,
    0.012612993692419482,
    0.012104678103249524,
    0.01161387551434275,
    0.011138298931073274,
    0.010685138410276837,
    0.010258078137358646,
    0.009855254237791019,
    0.009478381254863735,
    0.009122446443672117,
    0.008781699163609373,
    0.008458376229269518,
    0.008151106034874124,
    0.007855494521931078,
    0.007571700916402513,
    0.007300987084162721,
    0.007045814664953963,
    0.006801678288367486,
    0.0065726738205309455,
    0.006356356336771683,
    0.006153114029657053,
    0.005960263824570345,
    0.005780933135907847,
    0.005611487028023011,
    0.005450924954758419,
    0.005301828536227963,
    0.005158159933598428,
    0.005024539179671206,
    0.004896196696493913,
    0.0047774100793162655,
    0.004665515057974853,
    0.004556647245182406,
    0.004456635640896566,
    0.0043578339290654714,
    0.004263380747060717,
    0.004176665682160476,
    0.0040920057711346354,
    0.004011377166767468,
    0.003934720672341493,
    0.00386167385938027,
    0.003791074099029508,
    0.003725362369762768,
    0.0036589414128794353,
    0.0035986536901194063,
    0.0035379808902123613,
    0.0034823549394241804,
    0.0034263125371540976
  ],
  "metrics": {
    "adjusted_arithmetic_mean_rank": {
      "both": {
        "realistic": 0.4585816158897727
      },
      "head": {
        "realistic": 0.7348723198277513
      },
      "tail": {
        "realistic": 0.2548461765768977
      }
    },
    "adjusted_arithmetic_mean_rank_index": {
      "both": {
        "realistic": 0.5415000934885181
      },
      "head": {
        "realistic": 0.2651748184775863
      },
      "tail": {
        "realistic": 0.745251512241845
      }
    },
    "arithmetic_mean_rank": {
      "both": {
        "optimistic": 3039.08727433281,
        "pessimistic": 3039.0886479591836,
        "realistic": 3039.087961145997
      },
      "head": {
        "optimistic": 4133.996565934066,
        "pessimistic": 4133.998332025118,
        "realistic": 4133.997448979592
      },
      "tail": {
        "optimistic": 1944.1779827315543,
        "pessimistic": 1944.1789638932496,
        "realistic": 1944.1784733124018
      }
    },
    "geometric_mean_rank": {
      "both": {
        "optimistic": 283.52749483473065,
        "pessimistic": 283.5275828070376,
        "realistic": 283.52753882674415
      },
      "head": {
        "optimistic": 1229.3765970468548,
        "pessimistic": 1229.3771749648633,
        "realistic": 1229.3768860524485
      },
      "tail": {
        "optimistic": 65.38910901701057,
        "pessimistic": 65.38911885581342,
        "realistic": 65.38911393663643
      }
    },
    "harmonic_mean_rank": {
      "both": {
        "optimistic": 12.622069230736098,
        "pessimistic": 12.622069257092921,
        "realistic": 12.622069243920603
      },
      "head": {
        "optimistic": 49.38871768839603,
        "pessimistic": 49.38871842845239,
        "realistic": 49.38871805860728
      },
      "tail": {
        "optimistic": 7.235623754687658,
        "pessimistic": 7.2356237561262375,
        "realistic": 7.235623755407021
      }
    },
    "hits_at_k": {
      "both": {
        "optimistic": {
          "1": 0.024921507064364207,
          "3": 0.0762853218210361,
          "5": 0.12671703296703296,
          "10": 0.22792386185243327
        },
        "pessimistic": {
          "1": 0.024921507064364207,
          "3": 0.0762853218210361,
          "5": 0.12671703296703296,
          "10": 0.22792386185243327
        },
        "realistic": {
          "1": 0.024921507064364207,
          "3": 0.0762853218210361,
          "5": 0.12671703296703296,
          "10": 0.22792386185243327
        }
      },
      "head": {
        "optimistic": {
          "1": 0.009713500784929356,
          "3": 0.018249607535321823,
          "5": 0.02423469387755102,
          "10": 0.036989795918367346
        },
        "pessimistic": {
          "1": 0.009713500784929356,
          "3": 0.018249607535321823,
          "5": 0.02423469387755102,
          "10": 0.036989795918367346
        },
        "realistic": {
          "1": 0.009713500784929356,
          "3": 0.018249607535321823,
          "5": 0.02423469387755102,
          "10": 0.036989795918367346
        }
      },
      "tail": {
        "optimistic": {
          "1": 0.04012951334379906,
          "3": 0.1343210361067504,
          "5": 0.22919937205651492,
          "10": 0.4188579277864992
        },
        "pessimistic": {
          "1": 0.04012951334379906,
          "3": 0.1343210361067504,
          "5": 0.22919937205651492,
          "10": 0.4188579277864992
        },
        "realistic": {
          "1": 0.04012951334379906,
          "3": 0.1343210361067504,
          "5": 0.22919937205651492,
          "10": 0.4188579277864992
        }
      }
    },
    "inverse_arithmetic_mean_rank": {
      "both": {
        "optimistic": 0.0003290461608146927,
        "pessimistic": 0.00032904601209034245,
        "realistic": 0.0003290460864525008
      },
      "head": {
        "optimistic": 0.00024189666925232496,
        "pessimistic": 0.0002418965659113198,
        "realistic": 0.00024189661758181134
      },
      "tail": {
        "optimistic": 0.0005143562003490072,
        "pessimistic": 0.0005143559407707426,
        "realistic": 0.0005143560705598421
      }
    },
    "inverse_geometric_mean_rank": {
      "both": {
        "optimistic": 0.003526994800214717,
        "pessimistic": 0.003526993705866625,
        "realistic": 0.003526994252967689
      },
      "head": {
        "optimistic": 0.0008134203972990445,
        "pessimistic": 0.0008134200149181889,
        "realistic": 0.0008134202060777457
      },
      "tail": {
        "optimistic": 0.015293066613583253,
        "pessimistic": 0.015293064312505183,
        "realistic": 0.01529306546299164
      }
    },
    "inverse_harmonic_mean_rank": {
      "both": {
        "optimistic": 0.07922631239930869,
        "pessimistic": 0.07922631223387196,
        "realistic": 0.07922631231655208
      },
      "head": {
        "optimistic": 0.020247539251964663,
        "pessimistic": 0.020247538948569052,
        "realistic": 0.020247539100191805
      },
      "tail": {
        "optimistic": 0.13820508554665267,
        "pessimistic": 0.13820508551917488,
        "realistic": 0.1382050855329124
      }
    },
    "inverse_median_rank": {
      "both": {
        "optimistic": 0.0018165304268846503,
        "pessimistic": 0.0018165304268846503,
        "realistic": 0.0018165304268846503
      },
      "head": {
        "optimistic": 0.0004904364884747426,
        "pessimistic": 0.0004904364884747426,
        "realistic": 0.0004904364884747426
      },
      "tail": {
        "optimistic": 0.06666666666666667,
        "pessimistic": 0.06666666666666667,
        "realistic": 0.06666666666666667
      }
    },
    "median_rank": {
      "both": {
        "optimistic": 550.5,
        "pessimistic": 550.5,
        "realistic": 550.5
      },
      "head": {
        "optimistic": 2039.0,
        "pessimistic": 2039.0,
        "realistic": 2039.0
      },
      "tail": {
        "optimistic": 15.0,
        "pessimistic": 15.0,
        "realistic": 15.0
      }
    },
    "rank_mad": {
      "both": {
        "optimistic": 546.5,
        "pessimistic": 546.5,
        "realistic": 546.5
      },
      "head": {
        "optimistic": 1990.0,
        "pessimistic": 1990.0,
        "realistic": 1990.0
      },
      "tail": {
        "optimistic": 13.0,
        "pessimistic": 13.0,
        "realistic": 13.0
      }
    },
    "rank_std": {
      "both": {
        "optimistic": 4128.581113384937,
        "pessimistic": 4128.582529494356,
        "realistic": 4128.581821398176
      },
      "head": {
        "optimistic": 4324.456533727185,