{
  "losses": [
    0.002783764222276851,
    0.002725899608785022,
    0.002719241383427626,
    0.002719129810338028,
    0.002719106794781624,
    0.0027191048633453817,
    0.002719101525306184,
    0.002719098790452162,
    0.0027190987717969507,
    0.0027190963714930566,
    0.0027190948119173663,
    0.0027190951352743676,
    0.0027190931640403405,
    0.0027190924327560456,
    0.0027190889778108554,
    0.002719088564908838,
    0.002719087084928717,
    0.0027190866334725963,
    0.0027190865874564076,
    0.0027190854034723107,
    0.002719080898860547,
    0.0027190804623285956,
    0.002719084725666289,
    0.002719080295675372,
    0.002719078708738704,
    0.0027190775458971806,
    0.0027190787995274007,
    0.0027190774712763342,
    0.0027190809660193093,
    0.002719079204967333,
    0.002719076733773635,
    0.002719082100256175,
    0.0027190799623689242,
    0.0027190778717415434,
    0.002719077955068155,
    0.0027190799424700323,
    0.0027190799797804552,
    0.0027190814448364072,
    0.002719069017978113,
    0.002719071016573117,
    0.0027190679745299436,
    0.002719040098669075,
    0.0027189778026991047,
    0.0027188329735856093,
    0.002718700519095815,
    0.0027185455676644998,
    0.002718471354745353,
    0.0027184717116817353,
    0.002718453871081032,
    0.0027184225987279694
  ],
  "metrics": {
    "adjusted_arithmetic_mean_rank": {
      "both": {
        "realistic": 0.9901264972001814
      },
      "head": {
        "realistic": 0.9861690361832994
      },
      "tail": {
        "realistic": 0.9930447099642962
      }
    },
    "adjusted_arithmetic_mean_rank_index": {
      "both": {
        "realistic": 0.009874992881793943
      },
      "head": {
        "realistic": 0.013833422889231506
      },
      "tail": {
        "realistic": 0.006956201866316847
      }
    },
    "arithmetic_mean_rank": {
      "both": {
        "optimistic": 6561.714138540031,
        "pessimistic": 6561.71433477237,
        "realistic": 6561.714236656201
      },
      "head": {
        "optimistic": 5547.657868916797,
        "pessimistic": 5547.658065149137,
        "realistic": 5547.6579670329675
      },
      "tail": {
        "optimistic": 7575.7704081632655,
        "pessimistic": 7575.770604395604,
        "realistic": 7575.770506279435
      }
    },
    "geometric_mean_rank": {
      "both": {
        "optimistic": 4099.862306526455,
        "pessimistic": 4099.862628478839,
        "realistic": 4099.86246753436
      },
      "head": {
        "optimistic": 3086.2405200262397,
        "pessimistic": 3086.2409189017376,
        "realistic": 3086.2407195100827
      },
      "tail": {
        "optimistic": 5446.390462248714,
        "pessimistic": 5446.390613724017,
        "realistic": 5446.390537989288
      }
    },
    "harmonic_mean_rank": {
      "both": {
        "optimistic": 307.5714913712045,
        "pessimistic": 307.57149722535763,
        "realistic": 307.571494299755
      },
      "head": {
        "optimistic": 534.9817875826377,
        "pessimistic": 534.9818217761525,
        "realistic": 534.9818046882621
      },
      "tail": {
        "optimistic": 215.8274590737618,
        "pessimistic": 215.82745927379537,
        "realistic": 215.82745917378682
      }
    },
    "hits_at_k": {
      "both": {
        "optimistic": {
          "1": 0.001520800627943485,
          "3": 0.00304160125588697,
          "5": 0.003532182103610675,
          "10": 0.004611459968602826
        },
        "pessimistic": {
          "1": 0.001520800627943485,
          "3": 0.00304160125588697,
          "5": 0.003532182103610675,
          "10": 0.004611459968602826
        },
        "realistic": {
          "1": 0.001520800627943485,
          "3": 0.00304160125588697,
          "5": 0.003532182103610675,
          "10": 0.004611459968602826
        }
      },
      "head": {
        "optimistic": {
          "1": 0.00019623233908948196,
          "3": 0.0006868131868131869,
          "5": 0.0013736263736263737,
          "10": 0.00304160125588697
        },
        "pessimistic": {
          "1": 0.00019623233908948196,
          "3": 0.0006868131868131869,
          "5": 0.0013736263736263737,
          "10": 0.00304160125588697
        },
        "realistic": {
          "1": 0.00019623233908948196,
          "3": 0.0006868131868131869,
          "5": 0.0013736263736263737,
          "10": 0.00304160125588697
        }
      },
      "tail": {
        "optimistic": {
          "1": 0.002845368916797488,
          "3": 0.005396389324960753,
          "5": 0.005690737833594976,
          "10": 0.006181318681318681
        },
        "pessimistic": {
          "1": 0.002845368916797488,
          "3": 0.005396389324960753,
          "5": 0.005690737833594976,
          "10": 0.006181318681318681
        },
        "realistic": {
          "1": 0.002845368916797488,
          "3": 0.005396389324960753,
          "5": 0.005690737833594976,
          "10": 0.006181318681318681
        }
      }
    },
    "inverse_arithmetic_mean_rank": {
      "both": {
        "optimistic": 0.00015239920223383856,
        "pessimistic": 0.0001523991976762412,
        "realistic": 0.00015239919995503983
      },
      "head": {
        "optimistic": 0.00018025624932693516,
        "pessimistic": 0.00018025624295089232,
        "realistic": 0.00018025624613891367
      },
      "tail": {
        "optimistic": 0.000131999776408542,
        "pessimistic": 0.0001319997729894014,
        "realistic": 0.0001319997746989717
      }
    },
    "inverse_geometric_mean_rank": {
      "both": {
        "optimistic": 0.00024391063046388858,
        "pessimistic": 0.00024391061131017147,
        "realistic": 0.00024391062088514296
      },
      "head": {
        "optimistic": 0.00032401881626241424,
        "pessimistic": 0.0003240187743852018,
        "realistic": 0.00032401879531896734
      },
      "tail": {
        "optimistic": 0.00018360784209862148,
        "pessimistic": 0.00018360783699211049,
        "realistic": 0.00018360783954526745
      }
    },
    "inverse_harmonic_mean_rank": {
      "both": {
        "optimistic": 0.003251276623661819,
        "pessimistic": 0.00325127656177874,
        "realistic": 0.0032512765927046987
      },
      "head": {
        "optimistic": 0.0018692225103934621,
        "pessimistic": 0.0018692223909215755,
        "realistic": 0.001869222450626536
      },
      "tail": {
        "optimistic": 0.0046333307369301755,
        "pessimistic": 0.004633330732635904,
        "realistic": 0.004633330734782863
      }
    },
    "inverse_median_rank": {
      "both": {
        "optimistic": 0.00016091399147155844,
        "pessimistic": 0.00016091399147155844,
        "realistic": 0.00016091399147155844
      },
      "head": {
        "optimistic": 0.00022686025408348456,
        "pessimistic": 0.00022686025408348456,
        "realistic": 0.00022686025408348456
      },
      "tail": {
        "optimistic": 0.0001335826876836762,
        "pessimistic": 0.0001335826876836762,
        "realistic": 0.0001335826876836762
      }
    },
    "median_rank": {
      "both": {
        "optimistic": 6214.5,
        "pessimistic": 6214.5,
        "realistic": 6214.5
      },
      "head": {
        "optimistic": 4408.0,
        "pessimistic": 4408.0,
        "realistic": 4408.0
      },
      "tail": {
        "optimistic": 7486.0,
        "pessimistic": 7486.0,
        "realistic": 7486.0
      }
    },
    "rank_mad": {
      "both": {
        "optimistic": 4207.5,
        "pessimistic": 4207.5,
        "realistic": 4207.5
      },
      "head": {
        "optimistic": 3494.5,
        "pessimistic": 3494.5,
        "realistic": 3494.5
      },
      "tail": {
        "optimistic": 3758.5,
        "pessimistic": 3758.5,
        "realistic": 3758.5
      }
    },
    "rank_std": {
      "both": {
        "optimistic": 4602.576590599599,
        "pessimistic": 4602.5765302827995,